phi0,    phi,    <alpha>,    <alpha_tilde>,    zeta,    lindemannParameter
0.0101,0.4351212681951183,3.5050972222222216,3.5055984217209097,0.4351099480158393,0.0
0.0102,0.4394320594108156,3.5051052256944435,3.5056053923138863,0.4394179673031249,0.0
0.0103,0.4437332919317874,3.5050901909722225,3.505587145059965,0.4437259865904104,0.0
0.0104,0.4480387047287376,3.505078836805556,3.505580241886691,0.4480340058776959,0.0
0.0105,0.4523513158351242,3.5050919965277774,3.5055919532513613,0.4523420251649814,0.0
0.0106,0.4566673692285379,3.5051113194444445,3.5056123635409917,0.4566500444522669,0.0
0.0107,0.4609644874234688,3.505084756944443,3.5055842671974804,0.4609580637395524,0.0
0.0108,0.4652690173732342,3.505074114583333,3.5055753478722664,0.465266083026838,0.0
0.0109,0.4695660102164636,3.505047743055556,3.5055478007309526,0.4695741023141234,0.0
0.011,0.4738767492484331,3.5050546527777784,3.505554725211085,0.4738821216014089,0.0
0.0111,0.4782047778073268,3.505104045138889,3.505603737261504,0.4781901408886945,0.0
0.0112,0.4825124335436801,3.505105486111111,3.5056024998786803,0.48249816017598,0.0
0.0113,0.4868118783035999,3.50508421875,3.505581642846144,0.4868061794632655,0.0
0.0114,0.4911103089422146,3.5050571354166675,3.5055587616162622,0.491114198750551,0.0
0.0115,0.4954514090680462,3.505136319444444,3.505636801725793,0.4954222180378365,0.0
0.0116,0.4997412991357272,3.505090694444443,3.505593784421044,0.499730237325122,0.0
0.0117,0.5040568689884464,3.5051119097222223,3.505611194977153,0.5040382566124075,0.0
0.0118,0.5083556135318807,3.505089809027777,3.5055893713029085,0.5083462758996931,0.0
0.0119,0.5126670647905538,3.505097673611112,3.5055970761305364,0.5126542951869786,0.0
0.012,0.5169744824589061,3.5050966666666667,3.5055954773413496,0.5169623144742641,0.0
0.0121,0.5212819054466526,3.5050936805555546,3.505593921180954,0.5212703337615496,0.0
0.0122,0.5255946186460732,3.5051044270833343,3.505604167587871,0.5255783530488352,0.0
0.0123,0.5298946232277948,3.5050879513888886,3.505586131822291,0.5298863723361207,0.0
0.0124,0.5342052811046063,3.505091510416666,3.5055918543357665,0.5341943916234062,0.0
0.0125,0.538498171363903,3.505060416666666,3.505558815379737,0.5385024109106916,0.0
0.0126,0.5428396050099665,3.5051309375000006,3.5056307230010124,0.5428104301979771,0.0
0.0127,0.5471198370787329,3.5050709548611105,3.5055709186340933,0.5471184494852627,0.0
0.0128,0.5514430794680355,3.505103628472222,3.5056031758810144,0.5514264687725482,0.0
0.0129,0.5557405041495651,3.5050807812499998,3.5055805855048714,0.5557344880598337,0.0
0.013,0.5600643041810195,3.5051131076388886,3.505613439591848,0.5600425073471192,0.0
0.0131,0.5643699320617417,3.505109149305556,3.505608149947911,0.5643505266344048,0.0
0.0132,0.568669518737356,3.5050902777777773,3.5055904574890286,0.5686585459216903,0.0
0.0133,0.5729776532583513,3.5050906597222222,3.505590607386561,0.5729665652089758,0.0
0.0134,0.5772753571852443,3.505070243055556,3.50556958472575,0.5772745844962612,0.0
0.0135,0.5815968451584997,3.505094670138889,3.505596601788781,0.5815826037835468,0.0
0.0136,0.5858933553075241,3.505073732638889,3.505573403382556,0.5858906230708323,0.0
0.0137,0.5902122977228477,3.5050944965277773,3.505595059351582,0.5901986423581178,0.0
0.0138,0.5945144881424739,3.505084079861111,3.505583399939385,0.5945066616454033,0.0
0.0139,0.5988317124955839,3.505104010416666,3.5056011649055536,0.5988146809326889,0.0
0.014,0.6031115470220839,3.505046180555555,3.5055464128902813,0.6031227002199744,0.0
0.0141,0.607442944611728,3.505092864583333,3.5055915321339213,0.6074307195072599,0.0
0.0142,0.6117428057775924,3.5050749131944445,3.505575741003352,0.6117387387945453,0.0
0.0143,0.6160390762917363,3.505053333333334,3.505553385724268,0.6160467580818308,0.0
0.0144,0.620344657818541,3.505051041666667,3.505548833006006,0.6203547773691164,0.0
0.0145,0.6246856401838834,3.505112274305555,3.5056106850798363,0.6246627966564019,0.0
0.0146,0.6289788587985973,3.5050838368055555,3.505582946815176,0.6289708159436874,0.0
0.0147,0.6333049616830283,3.505115520833334,3.5056161770138714,0.633278835230973,0.0
0.0148,0.6375742896034398,3.505044131944444,3.505544907282617,0.6375868545182585,0.0
0.0149,0.6419222485916957,3.505118836805556,3.5056179033896773,0.641894873805544,0.0
0.015,0.6462325305725144,3.5051225868055558,3.5056216112812173,0.6462028930928295,0.0
0.0151,0.6505233520383588,3.505092135416666,3.505590317640142,0.6505109123801149,0.0
0.0152,0.6548264871076069,3.5050803993055544,3.5055814186525205,0.6548189316674005,0.0
0.0153,0.6591191990023186,3.505054982638889,3.505554303418416,0.659126950954686,0.0
0.0154,0.663456303306717,3.50510734375,3.505605505611121,0.6634349702419715,0.0
0.0155,0.6677768827574131,3.505129965277777,3.5056272969756552,0.667742989529257,0.0
0.0156,0.6720488105563431,3.505064166666665,3.505564068913117,0.6720510088165426,0.0
0.0157,0.6763787638829918,3.5051008680555555,3.5056020798969145,0.6763590281038281,0.0
0.0158,0.6806760646663965,3.505083315972222,3.505583502977739,0.6806670473911136,0.0
0.0159,0.6849961633704146,3.505102621527777,3.5056039099138863,0.6849750666783991,0.0
0.016,0.6892991082079455,3.5050956076388875,3.5055951272426222,0.6892830859656847,0.0
0.0161,0.6935815448499977,3.505050920138889,3.5055518642947168,0.6935911052529702,0.0
0.0162,0.6979175839927151,3.505098576388888,3.5055988626822656,0.6978991245402557,0.0
0.0163,0.702204510242339,3.505064774305555,3.505563606174374,0.7022071438275412,0.0
0.0164,0.7065155861846956,3.505069322916668,3.5055687052606266,0.7065151631148268,0.0
0.0165,0.7108467884742442,3.5051070833333333,3.505606790168745,0.7108231824021123,0.0
0.0166,0.7151316556801637,3.5050674826388883,3.505568704593675,0.7151312016893977,0.0
0.0167,0.719460225925842,3.5051026215277776,3.505602113146656,0.7194392209766832,0.0
0.0168,0.7237799196360337,3.50512265625,3.505620755477836,0.7237472402639687,0.0
0.0169,0.7280617197757571,3.505076753472222,3.505578335085713,0.7280552595512543,0.0
0.017,0.732386233855063,3.5051052083333345,3.5056045849488457,0.7323632788385398,0.0
0.0171,0.7366848882620779,3.505088003472222,3.5055895281336493,0.7366712981258253,0.0
0.0172,0.7409863076941873,3.5050845833333333,3.505578982222118,0.7409793174131108,0.0
0.0173,0.74531181950726,3.505165434027778,3.505606495223714,0.7452873367003964,0.0
0.0174,0.74962240231261,3.505299427083332,3.5056101872240126,0.7495953559876819,0.0
0.0175,0.753927859695186,3.5055061111111114,3.5056062068463936,0.7539033752749673,0.0
0.0176,0.7582511027436185,3.5058205555555557,3.5056289064752444,0.7582113945622528,0.0
0.0177,0.7625586260221505,3.5061971527777778,3.505628253198591,0.7625194138495384,0.0
0.0178,0.7668539403832878,3.5066315625000004,3.5056079282575463,0.7668274331368239,0.0
0.0179,0.7711590079661097,3.507173541666667,3.5056038889916343,0.7711354524241094,0.0
0.018,0.7754924465616502,3.507847638888889,3.505641541830712,0.7754434717113949,0.0
0.0181,0.7797703458144098,3.5085150694444445,3.5055966807259265,0.7797514909986805,0.0
0.0182,0.7840676818003612,3.509305868055556,3.505579339915204,0.784059510285966,0.0
0.0183,0.7883964670721715,3.510243038194445,3.5056108704035376,0.7883675295732515,0.0
0.0184,0.7926906861177282,3.5112113020833347,3.50559089456861,0.7926755488605369,0.0
0.0185,0.7969944346344698,3.512287465277778,3.5055832946611742,0.7969835681478225,0.0
0.0186,0.8013217780351201,3.513508628472223,3.5056115951178244,0.801291587435108,0.0
0.0187,0.8056372962393565,3.514805815972222,3.5056233763302886,0.8055996067223935,0.0
0.0188,0.8099494185979678,3.5161981250000003,3.5056302188467563,0.809907626009679,0.0
0.0189,0.8142397755264597,3.517655000000001,3.5056010540175926,0.8142156452969646,0.0
0.019,0.8185786679597623,3.519307152777779,3.5056467365612383,0.8185236645842501,0.0
0.0191,0.8228716957319936,3.52098828125,3.5056277318685463,0.8228316838715356,0.0
0.0192,0.8271720302390517,3.522793993055556,3.505613743408269,0.8271397031588211,0.0
0.0193,0.8314881107639477,3.524750347222222,3.505623689052333,0.8314477224461065,0.0
0.0194,0.8357952019760775,3.5268054861111104,3.5056236605809703,0.8357557417333921,0.0
0.0195,0.8400998996660338,3.5289819965277776,3.50561875453009,0.8400637610206776,0.0
0.0196,0.8444064719547354,3.531291423611112,3.505614699069082,0.8443717803079631,0.0
0.0197,0.8487035612905552,3.5337184201388885,3.5055991084218623,0.8486797995952486,0.0
0.0198,0.8530238067883835,3.536330034722222,3.5056149277649924,0.8529878188825342,0.0
0.0199,0.857329899844124,3.539059236111111,3.505616592748285,0.8572958381698197,0.0
0.02,0.8616448872447326,3.5419600520833328,3.5056261664421844,0.8616038574571052,0.0
0.0201,0.8659601490217559,3.545021493055555,3.505637819959131,0.8659118767443906,0.0
0.0202,0.8702468205503467,3.5481890798611118,3.505603081294221,0.8702198960316762,0.0
0.0203,0.87457176680955,3.551615086805557,3.505621737912237,0.8745279153189617,0.0
0.0204,0.8788700114935933,3.5551745486111117,3.5056146240785613,0.8788359346062472,0.0
0.0205,0.8831897024710075,3.558971875000001,3.50562709166125,0.8831439538935327,0.0
0.0206,0.8874932259552083,3.562946701388889,3.5056251096055555,0.8874519731808183,0.0
0.0207,0.8918130769070466,3.567179409722223,3.5056393716966303,0.8917599924681038,0.0
0.0208,0.8960926260505493,3.5715555208333325,3.5055947807612187,0.8960680117553893,0.0
0.0209,0.9004204517132608,3.576306684027778,3.5056281821464093,0.9003760310426748,0.0
0.021,0.9047388935977366,3.581312447916668,3.505641247475604,0.9046840503299602,0.0
0.0211,0.9090353832076784,3.586564010416667,3.5056244646296637,0.9089920696172458,0.0
0.0212,0.9133443036358236,3.592171892361112,3.505628381322164,0.9133000889045312,0.0
0.0213,0.9176390622833605,3.5981021701388896,3.505606438061437,0.9176081081918168,0.0
0.0214,0.9219424644265358,3.604454131944444,3.505599699303866,0.9219161274791025,0.0
0.0215,0.926247925607476,3.611252881944445,3.5055952688016965,0.926224146766388,0.0
0.0216,0.9305721812917072,3.6186058159722223,3.5056199770731378,0.9305321660536734,0.0
0.0217,0.9348896418041982,3.626512847222224,3.5056339617550853,0.9348401853409588,0.0
0.0218,0.9391934646156408,3.6350323958333313,3.505629160556014,0.9391482046282444,0.0
0.0219,0.9434798103167004,3.644254479166667,3.5055965518709287,0.94345622391553,0.0
0.022,0.9478269185606212,3.654618107638888,3.5056403271167325,0.9477642432028154,0.0
0.0221,0.95210159079758,3.665838402777777,3.5056111646450767,0.9520722624901008,0.0
0.0222,0.956442767466816,3.678759322916668,3.5056470536640782,0.9563802817773864,0.0
0.0223,0.9607603443984238,3.6935025694444423,3.505651641884124,0.960688301064672,0.0
0.0224,0.9650561189205668,3.710847656250001,3.505615161654285,0.9649963203519576,0.0
0.0225,0.9694228771941876,3.733021753472223,3.505727919753294,0.969304339639243,0.0
0.0226,0.973782068064614,3.764427881944444,3.5057774772669648,0.9736123589265284,0.0
0.0227,0.9770884877606112,3.8449472222222223,3.504573707064252,0.977920378213814,0.0
0.0228,0.9773069220349012,3.837193663194447,3.499695789179184,0.9822283975010996,0.0
0.0229,0.9773234318983351,3.831363732638889,3.4945630008109627,0.986536416788385,0.0
0.023,0.9773425960164548,3.824795763888891,3.4894935708609047,0.9908444360756704,0.0
0.0231,0.9773431847794186,3.818725868055557,3.4844633154959785,0.995152455362956,0.0
0.0232,0.977350314594968,3.8123601388888906,3.4794259355175146,0.9994604746502416,0.0
0.0233,0.9773522190493809,3.806113732638892,3.4745084308638003,1.003768493937527,0.0
0.0234,0.9773479781118904,3.800452673611111,3.469443662496936,1.0080765132248126,0.0
0.0235,0.9773503606257188,3.7945881250000015,3.4645990584234463,1.012384532512098,0.0
0.0236,0.9773498844148424,3.788550399305555,3.459629680425974,1.0166925517993837,0.0
0.0237,0.9773460280818028,3.782974201388889,3.4547584891042247,1.0210005710866692,0.0
0.0238,0.977342799922665,3.777614305555555,3.4499154933521505,1.0253085903739547,0.0
0.0239,0.9773436651658592,3.771868298611108,3.44512788336222,1.0296166096612402,0.0
0.024,0.9773413449605654,3.766372829861111,3.440328120937063,1.0339246289485258,0.0
0.0241,0.9773355548709513,3.7610864236111112,3.4355081877128417,1.038232648235811,0.0
0.0242,0.9773372025898694,3.755325173611111,3.430773465222655,1.0425406675230966,0.0
0.0243,0.9773322411050578,3.750118333333334,3.426078527052045,1.046848686810382,0.0
0.0244,0.9773327639261964,3.744824027777778,3.4213846531447736,1.0511567060976676,0.0
0.0245,0.9773300274928391,3.739592864583334,3.4167137818361213,1.0554647253849532,0.0
0.0246,0.9773312850136588,3.734304565972222,3.412044083157248,1.0597727446722387,0.0
0.0247,0.9773208696877262,3.729802118055555,3.407452455314401,1.0640807639595242,0.0
0.0248,0.9773235843195162,3.7241689062500014,3.4028666754318437,1.0683887832468095,0.0
0.0249,0.9773184697313826,3.7192267013888896,3.398314237337892,1.0726968025340953,0.0
0.025,0.9773181000448388,3.714468697916667,3.393751297226466,1.0770048218213808,0.0
0.0251,0.9773165145850008,3.709073454861112,3.389222006048967,1.0813128411086663,0.0
0.0252,0.9773121596263482,3.7043056770833327,3.3846823920215754,1.0856208603959518,0.0
0.0253,0.9773112048501218,3.699022048611112,3.3803199374233,1.0899288796832374,0.0
0.0254,0.9773102376020124,3.694114270833332,3.375844619594378,1.094236898970523,0.0
0.0255,0.9773070222340507,3.689543750000002,3.371443804877733,1.0985449182578084,0.0
0.0256,0.9773092451802932,3.684534392361112,3.367020469894904,1.102852937545094,0.0
0.0257,0.977304761780036,3.679963645833332,3.3625859011718284,1.1071609568323797,0.0
0.0258,0.977304095804529,3.674922586805556,3.358279219765201,1.111468976119665,0.0
0.0259,0.97730193446164,3.670182326388887,3.3539274960136285,1.1157769954069503,0.0
0.026,0.9773006053946214,3.665198697916665,3.349629170697,1.1200850146942358,0.0
0.0261,0.977296636690459,3.660923576388889,3.3453845745558075,1.1243930339815214,0.0
0.0262,0.9772936970375908,3.656223697916666,3.3410710776234933,1.1287010532688069,0.0
0.0263,0.9772938828745248,3.6512459375,3.336810201582116,1.1330090725560924,0.0
0.0264,0.9772922782665658,3.646870954861111,3.332639288306432,1.137317091843378,0.0
0.0265,0.9772917347380596,3.642134670138889,3.328437614397989,1.1416251111306637,0.0
0.0266,0.9772903802371448,3.637607326388888,3.324255463018261,1.145933130417949,0.0
0.0267,0.977290688012831,3.6331917013888906,3.3200956782955284,1.1502411497052345,0.0
0.0268,0.977286750749979,3.628282482638888,3.3159366723354258,1.15454916899252,0.0
0.0269,0.9772854433933036,3.624285243055556,3.311823739750776,1.1588571882798056,0.0
0.027,0.9772841819455648,3.6197816840277786,3.307773765622815,1.163165207567091,0.0
0.0271,0.9772871254878056,3.6148369791666672,3.303676344083823,1.1674732268543766,0.0
0.0272,0.977284082418858,3.610400711805556,3.2996194236427296,1.171781246141662,0.0
0.0273,0.9772809710772056,3.6061912326388903,3.295518799213049,1.1760892654289476,0.0
0.0274,0.9772819297100196,3.6015935590277786,3.291500520869488,1.1803972847162332,0.0
0.0275,0.9772769266387972,3.597283420138889,3.2875325329346725,1.1847053040035187,0.0
0.0276,0.9772784098579332,3.5930205729166644,3.2835937002554854,1.189013323290804,0.0
0.0277,0.9772782726295536,3.588389305555558,3.279563924657774,1.1933213425780895,0.0
0.0278,0.9772748320578716,3.5844095138888883,3.275715961663546,1.197629361865375,0.0
0.0279,0.9772732318794436,3.5798584027777767,3.2717382840249662,1.2019373811526606,0.0
0.028,0.9772722985599396,3.5754444270833345,3.2678303711130336,1.206245400439946,0.0
0.0281,0.9772751943236938,3.571291024305555,3.2639744153631547,1.2105534197272316,0.0
0.0282,0.9772699009666062,3.5672257291666667,3.260091284678375,1.2148614390145172,0.0
0.0283,0.9772707098899448,3.562727100694445,3.2562685271768115,1.219169458301803,0.0
0.0284,0.9772694720252064,3.5587576215277785,3.252413217067001,1.2234774775890882,0.0
0.0285,0.9772653180736084,3.555024861111112,3.2486446196515195,1.2277854968763735,0.0
0.0286,0.977267727469446,3.550321562500001,3.2448001774241897,1.2320935161636593,0.0
0.0287,0.9772666849390363,3.546439392361112,3.2410541270001443,1.2364015354509448,0.0
0.0288,0.9772646322013686,3.542031423611109,3.237328953660085,1.2407095547382303,0.0
0.0289,0.9772668997898843,3.5381475694444458,3.233559341697884,1.2450175740255158,0.0
0.029,0.9772636528072532,3.534006545138888,3.229830269102312,1.2493255933128014,0.0
0.0291,0.9772613934296744,3.5299923437500023,3.2261365494728067,1.2536336126000869,0.0
0.0292,0.9772626740041024,3.526314270833334,3.22244789358768,1.2579416318873724,0.0
0.0293,0.9772566152910458,3.521904201388889,3.218776651215804,1.262249651174658,0.0
0.0294,0.9772594545404713,3.517824670138888,3.2151121962076306,1.2665576704619432,0.0
0.0295,0.9772573527470092,3.513912013888891,3.211462400028252,1.2708656897492288,0.0
0.0296,0.9772583981890954,3.509937256944444,3.2078376064754988,1.2751737090365145,0.0
0.0297,0.9772589673878944,3.5061278125,3.204233899742201,1.2794817283237998,0.0
0.0298,0.9772601748252668,3.50182171875,3.200656027071962,1.283789747611085,0.0
0.0299,0.977254863364717,3.498243576388889,3.1971183078616927,1.2880977668983709,0.0
0.03,0.9772588735094986,3.4940617361111124,3.193512582960833,1.2924057861856564,0.0
0.0301,0.977255017514942,3.490355034722224,3.1899915067585134,1.296713805472942,0.0
0.0302,0.9772556360184648,3.4862611631944453,3.186455050559311,1.3010218247602274,0.0
0.0303,0.9772522172359956,3.4826997048611097,3.1829519832678184,1.305329844047513,0.0
0.0304,0.9772525514171791,3.479020225694444,3.179430647663585,1.3096378633347985,0.0
0.0305,0.9772528347252012,3.4752152083333323,3.1759762123142647,1.313945882622084,0.0
0.0306,0.9772517288908084,3.471352309027779,3.1724906986680845,1.3182539019093695,0.0
0.0307,0.9772508144348332,3.467530173611113,3.1690454337446083,1.322561921196655,0.0
0.0308,0.977248048340178,3.46373736111111,3.165623567509452,1.3268699404839406,0.0
0.0309,0.9772481312124408,3.4599494444444456,3.1621923636980567,1.331177959771226,0.0
0.031,0.9772456004386386,3.4561044618055554,3.158785669750789,1.3354859790585116,0.0
0.0311,0.9772495170461486,3.4523100694444424,3.15537352041532,1.3397939983457972,0.0
0.0312,0.9772472066032634,3.448834392361111,3.1520237590649263,1.3441020176330825,0.0
0.0313,0.977248998853888,3.445017621527777,3.1486802518335426,1.3484100369203682,0.0
0.0314,0.977247563259676,3.441345954861114,3.145308082053518,1.352718056207654,0.0
0.0315,0.9772429399521492,3.437589774305554,3.1419813961327434,1.3570260754949397,0.0
0.0316,0.9772457363622604,3.433918975694444,3.138686579400916,1.3613340947822252,0.0
0.0317,0.9772417671830624,3.43075329861111,3.135400188101554,1.365642114069511,0.0
0.0318,0.9772423211623752,3.4270739236111107,3.132050448581531,1.3699501333567965,0.0
0.0319,0.9772416288635786,3.423292395833332,3.128720307188188,1.3742581526440822,0.0
0.032,0.9772448294700572,3.419757361111109,3.125510106754449,1.3785661719313678,0.0
0.0321,0.9772405171120196,3.416181388888885,3.122282850092548,1.3828741912186535,0.0
0.0322,0.9772386980294684,3.41262453125,3.1190546585797545,1.3871822105059393,0.0
0.0323,0.9772405200463896,3.4092144270833336,3.115836389717421,1.3914902297932248,0.0
0.0324,0.9772410610028744,3.405571440972221,3.112603175198414,1.3957982490805103,0.0
0.0325,0.9772356525125176,3.4023118576388893,3.1093992414993905,1.400106268367796,0.0
0.0326,0.977239561450234,3.3985430381944437,3.1062396709918847,1.4044142876550818,0.0
0.0327,0.9772380831643328,3.3950885590277795,3.103102478818472,1.4087223069423676,0.0
0.0328,0.9772365593236676,3.391631093749999,3.099876609824478,1.413030326229653,0.0
0.0329,0.9772344361594956,3.388509479166665,3.0967261802892145,1.4173383455169388,0.0
0.033,0.9772327897775182,3.3846767708333334,3.0936342556544214,1.4216463648042246,0.0
0.0331,0.9772369553532778,3.38125170138889,3.090495198499081,1.42595438409151,0.0
0.0332,0.9772362015364048,3.378341944444444,3.087366806867585,1.4302624033787958,0.0
0.0333,0.9772315980007256,3.374694340277777,3.084312185623471,1.4345704226660814,0.0
0.0334,0.9772293568056306,3.371217083333335,3.081207943030068,1.4388784419533671,0.0
0.0335,0.977236030805661,3.367726371527778,3.0781575517904285,1.4431864612406529,0.0
0.0336,0.9772319407438252,3.364654149305557,3.0751130512464244,1.4474944805279384,0.0
0.0337,0.9772289051960285,3.3610118749999995,3.0720115303998603,1.451802499815224,0.0
0.0338,0.9772328082462056,3.357785086805555,3.069030983328161,1.4561105191025097,0.0
0.0339,0.9772320499105388,3.35446659722222,3.065990496738665,1.4604185383897954,0.0
0.034,0.9772314001824196,3.3512760416666665,3.062969670432216,1.4647265576770812,0.0
0.0341,0.9772261373566282,3.3478202256944463,3.060012689414762,1.469034576964367,0.0
0.0342,0.9772287507407657,3.344706753472224,3.057031053575332,1.4733425962516524,0.0
0.0343,0.9772268603476766,3.3415223611111107,3.0540628875687004,1.4776506155389382,0.0
0.0344,0.977226505785251,3.338551631944444,3.0510336762099777,1.4819586348262237,0.0
0.0345,0.977224347334092,3.3351931597222246,3.048153476351533,1.4862666541135094,0.0
0.0346,0.977224670985562,3.33183097222222,3.045190068766761,1.490574673400795,0.0
0.0347,0.9772217802127764,3.3286466840277784,3.042245879603708,1.4948826926880807,0.0
0.0348,0.9772253907287436,3.325252621527776,3.0392950625428097,1.4991907119753665,0.0
0.0349,0.9772257607240862,3.3222515104166663,3.0363903091397577,1.503498731262652,0.0
0.035,0.9772250048386544,3.319062326388889,3.033531642505607,1.5078067505499375,0.0
0.0351,0.9772246976453984,3.315917482638887,3.0306370840055474,1.5121147698372237,0.0
0.0352,0.9772246587511064,3.3127682812499994,3.027771722577468,1.516422789124509,0.0
0.0353,0.9772265497312336,3.309515069444445,3.024918663085181,1.5207308084117948,0.0
0.0354,0.9772193799164344,3.3063873611111108,3.0220410183996385,1.5250388276990805,0.0
0.0355,0.9772207797310498,3.303597899305556,3.0192206472158114,1.529346846986366,0.0
0.0356,0.977223407465266,3.300350138888888,3.0163634539016293,1.5336548662736518,0.0
0.0357,0.9772161543878912,3.2973661458333337,3.0135222646537163,1.5379628855609373,0.0
0.0358,0.977218863487685,3.294097517361112,3.010718979104211,1.542270904848223,0.0
0.0359,0.9772208018958576,3.290778281250001,3.0079472387760604,1.5465789241355086,0.0
0.036,0.9772202548295874,3.2880784548611124,3.00512273382335,1.5508869434227943,0.0
0.0361,0.9772153050554896,3.284887343750001,3.0023843241040646,1.55519496271008,0.0
0.0362,0.9772173491401676,3.281811631944443,2.999628771586567,1.5595029819973656,0.0
0.0363,0.977222215289231,3.278822499999999,2.996840744016244,1.5638110012846511,0.0
0.0364,0.9772209736444972,3.275757291666668,2.9941055698849417,1.568119020571937,0.0
0.0365,0.9772159246145424,3.2729604687499987,2.991374366796623,1.5724270398592226,0.0
0.0366,0.9772144567238984,3.270033750000001,2.988681665916744,1.5767350591465084,0.0
0.0367,0.9772184487164184,3.2670355208333333,2.9859571634892563,1.581043078433794,0.0
0.0368,0.977219720809475,3.264133854166669,2.9832262636548905,1.5853510977210796,0.0
0.0369,0.9772164999072196,3.260983628472222,2.9805461790801404,1.5896591170083654,0.0
0.037,0.9772149648328838,3.2582236111111107,2.977798423222195,1.593967136295651,0.0
0.0371,0.9772155592117264,3.255249739583334,2.9750912406394328,1.5982751555829366,0.0
0.0372,0.977218414631662,3.252096284722224,2.9724509506982537,1.6025831748702222,0.0
0.0373,0.9772165627908644,3.249234878472224,2.9698099272557967,1.606891194157508,0.0
0.0374,0.977211626155524,3.2464981249999982,2.9671940344467904,1.6111992134447937,0.0
0.0375,0.9772170444843632,3.2433563715277747,2.964498021991401,1.6155072327320792,0.0
0.0376,0.977216478170266,3.2405093055555554,2.961892905436493,1.619815252019365,0.0
0.0377,0.9772096197592388,3.2378145312499984,2.9592730127412428,1.624123271306651,0.0
0.0378,0.9772109899067948,3.235046822916668,2.956645643585272,1.6284312905939362,0.0
0.0379,0.9772111848257892,3.232266614583333,2.95404070405985,1.632739309881222,0.0
0.038,0.9772127624101934,3.229221822916669,2.951446130226025,1.6370473291685077,0.0
0.0381,0.9772125847668942,3.226424375000002,2.948904287714594,1.6413553484557932,0.0
0.0382,0.9772122512700688,3.223558038194447,2.946278296303224,1.645663367743079,0.0
0.0383,0.9772068056749548,3.221150190972222,2.9437505923638816,1.6499713870303645,0.0
0.0384,0.9772106783641854,3.21792935763889,2.9412168356008133,1.6542794063176502,0.0
0.0385,0.9772079430991096,3.215022760416669,2.9386458816604244,1.6585874256049358,0.0
0.0386,0.9772105639855718,3.212406875,2.9361111807789197,1.6628954448922215,0.0
0.0387,0.9772108940662164,3.209674704861113,2.9335788724172267,1.6672034641795073,0.0
0.0388,0.9772120171930004,3.2065649305555546,2.931040550895785,1.6715114834667928,0.0
0.0389,0.9772076062661949,3.204134878472221,2.928529921736733,1.6758195027540783,0.0
0.039,0.97720694488277,3.201203003472221,2.926014943799266,1.6801275220413645,0.0
0.0391,0.9772074311615132,3.1984933854166657,2.9235451300862016,1.6844355413286498,0.0
0.0392,0.977207540745481,3.195960711805555,2.9210193558256465,1.6887435606159356,0.0
0.0393,0.977206071151108,3.1928916319444443,2.9185307254029063,1.693051579903221,0.0
0.0394,0.9772045310159606,3.190390156249998,2.9160651843726284,1.6973595991905068,0.0
0.0395,0.9772071143445908,3.187744548611111,2.913591616684131,1.7016676184777926,0.0
0.0396,0.9772031189165422,3.1852430034722232,2.9111283609987253,1.705975637765078,0.0
0.0397,0.9771986203687288,3.1824657986111085,2.908702669845374,1.7102836570523638,0.0
0.0398,0.97720717766191,3.179556041666666,2.9062817007461703,1.7145916763396494,0.0
