r_index_converted,g_r
0.01,0.0
0.015,0.0
0.02,0.0
0.025,0.0
0.03,0.0
0.035,0.0
0.04,0.0
0.045,0.0
0.05,0.0
0.055,0.0
0.06,0.0
0.065,0.0
0.07,0.0
0.075,0.0
0.08,0.0
0.085,0.0
0.09,0.0
0.095,0.0
0.1,0.0
0.105,0.0
0.11,0.0
0.115,0.0
0.12,0.0
0.125,0.0
0.13,0.0
0.135,0.0
0.14,0.0
0.145,0.0
0.15,0.0
0.155,0.0
0.16,0.0
0.165,0.0
0.17,0.0
0.175,0.0
0.18,0.0
0.185,0.0
0.19,0.0
0.195,0.0
0.2,0.0
0.205,0.0
0.21,0.0
0.215,0.0
0.22,0.0
0.225,0.0
0.23,0.0
0.235,0.0
0.24,0.0
0.245,0.0
0.25,0.0
0.255,0.0
0.26,0.0
0.265,0.0
0.27,0.0
0.275,0.0
0.28,0.0
0.285,0.0
0.29,0.0
0.295,0.0
0.3,0.0
0.305,0.0
0.31,0.0
0.315,0.0
0.32,0.0
0.325,0.0
0.33,0.0
0.335,0.0
0.34,0.0
0.345,0.0
0.35,0.0
0.355,0.0
0.36,0.0
0.365,0.0
0.37,0.0
0.375,0.0
0.38,0.0
0.385,0.0
0.39,0.0
0.395,0.0
0.4,0.0
0.405,0.0
0.41,0.0
0.415,0.0
0.42,0.0
0.425,0.0
0.43,0.0
0.435,0.0
0.44,0.0
0.445,0.0
0.45,0.0
0.455,0.0
0.46,0.0
0.465,0.0
0.47,0.0
0.475,0.0
0.48,0.0
0.485,0.0
0.49,0.0
0.495,0.0
0.5,0.0
0.505,0.0
0.51,0.0
0.515,0.0
0.52,0.0
0.525,0.0
0.53,0.0
0.535,0.0
0.54,0.0
0.545,0.0
0.55,0.0
0.555,0.0
0.56,0.0
0.565,0.0
0.57,0.0
0.575,0.0
0.58,0.0
0.585,0.0
0.59,0.0
0.595,0.0
0.6,0.0
0.605,0.0
0.61,0.0
0.615,0.0
0.62,0.0
0.625,0.0
0.63,0.0
0.635,0.0
0.64,0.0
0.645,0.0
0.65,0.0
0.655,0.0
0.66,0.0
0.665,0.0
0.67,0.0
0.675,0.0
0.68,0.0
0.685,0.0
0.69,0.0
0.695,0.0
0.7,0.0
0.705,0.0
0.71,0.0
0.715,0.0
0.72,0.0
0.725,0.0
0.73,0.0
0.735,0.0
0.74,0.0
0.745,0.0
0.75,0.0
0.755,0.0
0.76,0.0
0.765,0.0
0.77,0.0
0.775,0.0
0.78,0.0
0.785,0.0
0.79,0.0
0.795,0.0
0.8,0.0
0.805,0.0
0.81,0.0
0.815,0.0
0.82,0.0
0.825,0.0
0.83,0.0
0.835,0.0
0.84,0.0
0.845,0.0
0.85,0.0
0.855,0.0
0.86,0.0
0.865,0.0
0.87,0.0
0.875,0.0
0.88,0.0
0.885,0.0
0.89,0.0
0.895,0.0
0.9,0.0
0.905,0.0
0.91,0.0
0.915,0.0
0.92,0.0
0.925,0.0
0.93,0.0
0.935,0.0
0.94,0.0
0.945,0.0
0.95,0.0
0.955,0.0
0.96,0.0
0.965,0.0
0.97,0.0
0.975,0.0
0.98,0.0
0.985,0.0
0.99,0.0
0.995,0.0
1.0,0.0
1.005,0.0
1.01,0.0
1.015,0.0
1.02,0.0
1.025,0.0
1.03,0.0
1.035,0.0
1.04,0.0
1.045,0.0
1.05,0.0
1.055,0.0
1.06,0.0
1.065,0.0
1.07,0.0
1.075,0.0
1.08,0.0
1.085,0.0
1.09,0.0
1.095,0.0
1.1,0.0
1.105,0.0
1.11,0.0
1.115,0.0
1.12,0.0
1.125,0.0
1.13,0.0
1.135,0.0
1.14,0.0
1.145,0.0
1.15,0.0
1.155,0.0
1.16,0.0
1.165,0.0
1.17,0.0
1.175,0.0
1.18,0.0
1.185,0.0
1.19,0.0
1.195,0.0
1.2,0.0
1.205,0.0
1.21,0.0
1.215,0.0
1.22,0.0
1.225,0.0
1.23,0.0
1.235,0.0
1.24,0.0
1.245,0.0
1.25,0.0
1.255,0.0
1.26,0.0
1.265,0.0
1.27,0.0
1.275,0.0
1.28,0.0
1.285,0.0
1.29,0.0
1.295,0.0
1.3,0.0
1.305,0.0
1.31,0.0
1.315,0.0
1.32,0.0
1.325,0.0
1.33,0.0
1.335,0.0
1.34,0.0
1.345,0.0
1.35,0.0
1.355,0.0
1.36,0.0
1.365,0.0
1.37,0.0
1.375,0.0
1.38,0.0
1.385,0.0
1.39,0.0
1.395,0.0
1.4,0.0
1.405,0.0
1.41,0.0
1.415,0.0
1.42,0.0
1.425,0.0
1.43,0.0
1.435,0.0
1.44,0.0
1.445,0.0
1.45,0.0
1.455,0.0
1.46,0.0
1.465,0.0
1.47,0.0
1.475,0.0
1.48,0.0
1.485,0.0
1.49,0.0
1.495,0.0
1.5,0.0
1.505,0.0
1.51,0.0
1.515,0.0
1.52,0.0
1.525,0.0
1.53,0.0
1.535,0.0
1.54,0.0
1.545,0.0
1.55,0.0
1.555,0.0
1.56,0.0
1.565,0.0
1.57,0.0
1.575,0.0
1.58,0.0
1.585,0.0
1.59,0.0
1.595,0.0
1.6,0.0
1.605,0.0
1.61,0.0
1.615,0.0
1.62,0.0
1.625,0.0
1.63,0.0
1.635,0.0
1.64,0.0
1.645,0.0
1.65,0.0
1.655,0.0
1.66,0.0
1.665,0.0
1.67,0.0
1.675,0.0
1.68,0.0
1.685,0.0
1.69,0.0
1.695,0.0
1.7,0.0
1.705,0.0
1.71,0.0
1.715,0.0
1.72,0.0
1.725,0.0
1.73,0.0
1.735,0.0
1.74,0.0
1.745,0.0
1.75,0.0
1.755,0.0
1.76,0.0
1.765,0.0
1.77,0.0
1.775,0.0
1.78,0.0
1.785,0.0
1.79,0.0
1.795,0.0
1.8,0.0
1.805,0.0
1.81,0.0
1.815,0.0
1.82,0.0
1.825,0.0
1.83,0.0
1.835,0.0
1.84,0.0
1.845,0.0
1.85,0.0
1.855,0.0
1.86,0.0
1.865,0.0
1.87,0.0
1.875,0.0
1.88,0.0
1.885,0.0
1.89,0.0
1.895,0.0
1.9,0.0
1.905,0.0
1.91,0.0
1.915,0.0
1.92,0.0
1.925,0.0
1.93,0.0
1.935,0.0
1.94,0.0
1.945,0.0
1.95,0.0
1.955,0.0
1.96,0.0
1.965,0.0
1.97,0.0
1.975,0.0
1.98,0.0
1.985,0.0
1.99,0.0
1.995,0.0
2.0,0.0
2.005,0.0
2.01,0.0
2.015,0.0
2.02,0.0
2.025,0.0
2.03,0.0
2.035,0.0
2.04,0.0
2.045,0.0
2.05,0.0
2.055,0.0
2.06,0.0
2.065,0.0
2.07,0.0
2.075,0.0
2.08,0.0
2.085,0.0
2.09,0.0
2.095,0.0
2.1,0.0
2.105,0.0
2.11,0.0
2.115,0.0
2.12,0.0
2.125,0.0
2.13,0.0
2.135,0.0
2.14,0.0
2.145,0.0
2.15,0.0
2.155,0.0
2.16,0.0
2.165,0.0
2.17,0.0
2.175,0.0
2.18,0.0
2.185,0.0
2.19,0.0
2.195,0.0
2.2,0.0
2.205,0.0
2.21,0.0
2.215,0.0
2.22,0.0
2.225,0.0
2.23,0.0
2.235,0.0
2.24,0.0
2.245,0.0
2.25,0.0
2.255,0.0
2.26,0.0
2.265,0.0
2.27,0.0
2.275,0.0
2.28,0.0
2.285,0.0
2.29,0.0
2.295,0.0
2.3,0.0
2.305,0.0
2.31,0.0
2.315,0.0
2.32,0.0
2.325,0.0
2.33,0.0
2.335,0.0
2.34,0.0
2.345,0.0
2.35,0.0
2.355,0.0
2.36,0.0
2.365,0.0
2.37,0.0
2.375,0.0
2.38,0.0
2.385,0.0
2.39,0.0
2.395,0.0
2.4,0.0
2.405,0.0
2.41,0.0
2.415,0.0
2.42,0.0
2.425,0.0
2.43,0.0
2.435,0.0
2.44,0.0
2.445,0.0
2.45,0.0
2.455,0.0
2.46,0.0
2.465,0.0
2.47,0.0
2.475,0.0
2.48,0.0
2.485,0.0
2.49,0.0
2.495,0.0
2.5,0.0
2.505,0.0
2.51,0.0
2.515,0.0
2.52,0.0
2.525,0.0
2.53,0.0
2.535,0.0
2.54,0.0
2.545,0.0
2.55,0.0
2.555,0.0
2.56,0.0
2.565,0.0
2.57,0.0
2.575,0.0
2.58,0.0
2.585,0.0
2.59,0.0
2.595,0.0
2.6,0.0
2.605,0.0
2.61,0.0
2.615,0.0
2.62,0.0
2.625,0.0
2.63,0.0
2.635,0.0
2.64,0.0
2.645,0.0
2.65,0.0
2.655,0.0
2.66,0.0
2.665,0.0
2.67,0.0
2.675,0.0
2.68,0.0
2.685,0.0
2.69,0.0
2.695,0.0
2.7,0.0
2.705,0.0
2.71,0.0
2.715,0.0
2.72,0.0
2.725,0.0
2.73,0.0
2.735,0.0
2.74,0.0
2.745,0.0
2.75,0.0
2.755,0.0
2.76,0.0
2.765,0.0
2.77,0.0
2.775,0.0
2.78,0.0
2.785,0.0
2.79,0.0
2.795,0.0
2.8,0.0
2.805,0.0
2.81,0.0
2.815,0.0
2.82,0.0
2.825,0.0
2.83,0.0
2.835,0.0
2.84,0.0
2.845,0.0
2.85,0.0
2.855,0.0
2.86,0.0
2.865,0.0
2.87,0.0
2.875,0.0
2.88,0.0
2.885,0.0
2.89,0.0
2.895,0.0
2.9,0.0
2.905,0.0
2.91,0.0
2.915,0.0
2.92,0.0
2.925,0.0
2.93,0.0
2.935,0.0
2.94,0.0
2.945,0.0
2.95,0.0
2.955,0.0
2.96,0.0
2.965,0.0
2.97,0.0
2.975,0.0
2.98,0.0
2.985,0.0
2.99,0.0
2.995,0.0
3.0,0.0
3.005,0.0
3.01,0.0
3.015,0.0
3.02,0.0
3.025,0.0
3.03,0.0
3.035,0.0
3.04,0.0
3.045,0.0
3.05,0.0
3.055,0.0
3.06,0.0
3.065,0.0
3.07,0.0
3.075,0.0
3.08,0.0
3.085,0.0
3.09,0.0
3.095,0.0
3.1,0.0
3.105,0.0
3.11,0.0
3.115,0.0
3.12,0.0
3.125,0.0
3.13,0.0
3.135,0.0
3.14,0.0
3.145,0.0
3.15,0.0
3.155,0.0
3.16,0.0
3.165,0.0
3.17,0.0
3.175,0.0
3.18,0.0
3.185,0.0
3.19,0.0
3.195,0.0
3.2,0.0
3.205,0.0
3.21,0.0
3.215,0.0
3.22,0.0
3.225,0.0
3.23,0.0
3.235,0.0
3.24,0.0
3.245,0.0
3.25,0.0
3.255,0.0
3.26,0.0
3.265,0.0
3.27,0.0
3.275,0.0
3.28,0.0
3.285,0.0
3.29,0.0
3.295,0.0
3.3,0.0
3.305,0.0
3.31,0.0
3.315,0.0
3.32,0.0
3.325,0.0
3.33,0.0
3.335,0.0
3.34,0.0
3.345,0.0
3.35,0.0
3.355,0.0
3.36,0.0
3.365,0.0
3.37,0.0
3.375,0.0
3.38,0.0
3.385,0.0
3.39,0.0
3.395,0.0
3.4,0.0
3.405,0.0
3.41,0.0
3.415,0.0
3.42,0.0
3.425,0.0
3.43,0.0
3.435,0.0
3.44,0.0
3.445,0.0
3.45,0.0
3.455,0.0
3.46,0.0
3.465,0.0
3.47,0.0
3.475,0.0
3.48,0.0
3.485,0.0
3.49,0.0
3.495,0.0
3.5,0.0
3.505,0.0
3.51,0.0
3.515,0.0
3.52,0.0
3.525,0.0
3.53,0.0
3.535,0.0
3.54,0.0
3.545,0.0
3.55,0.0
3.555,0.0
3.56,0.0
3.565,0.0
3.57,0.0
3.575,0.0
3.58,0.0
3.585,0.0
3.59,0.0
3.595,0.0
3.6,0.0
3.605,0.0
3.61,0.0
3.615,0.0
3.62,0.0
3.625,0.0
3.63,0.0
3.635,0.0
3.64,0.0
3.645,0.0
3.65,0.0
3.655,0.0
3.66,0.0
3.665,0.0
3.67,0.0
3.675,0.0
3.68,0.0
3.685,0.0
3.69,0.0
3.695,0.0
3.7,0.0
3.705,0.0
3.71,0.0
3.715,0.0
3.72,0.0
3.725,0.0
3.73,0.0
3.735,0.0
3.74,0.0
3.745,0.0
3.75,0.0
3.755,0.0
3.76,0.0
3.765,0.0
3.77,0.0
3.775,0.0
3.78,0.0
3.785,0.0
3.79,0.0
3.795,0.0
3.8,0.0
3.805,0.0
3.81,0.0
3.815,0.0
3.82,0.0
3.825,0.0
3.83,0.0
3.835,0.0
3.84,0.0
3.845,0.0
3.85,0.0
3.855,0.0
3.86,0.0
3.865,0.0
3.87,0.0
3.875,0.0
3.88,0.0
3.885,0.0
3.89,0.0
3.895,0.0
3.9,0.0
3.905,0.0
3.91,0.0
3.915,0.0
3.92,0.0
3.925,0.0
3.93,0.0
3.935,0.0
3.94,0.0
3.945,0.0
3.95,0.0
3.955,0.0
3.96,0.0
3.965,0.0
3.97,0.0
3.975,0.0
3.98,0.0
3.985,0.0
3.99,0.0
3.995,0.0
4.0,0.0
4.005,0.0
4.01,0.0
4.015,0.0
4.02,0.0
4.025,0.0
4.03,0.0
4.035,0.0
4.04,0.0
4.045,0.0
4.05,0.0
4.055,0.0
4.06,0.0
4.065,0.0
4.07,0.0
4.075,0.0
4.08,0.0
4.085,0.0
4.09,0.0
4.095,0.0
4.1,0.0
4.105,0.0
4.11,0.0
4.115,0.0
4.12,0.0
4.125,0.0
4.13,0.0
4.135,0.0
4.14,0.0
4.145,0.0
4.15,0.0
4.155,0.0
4.16,0.0
4.165,0.0
4.17,0.0
4.175,0.0
4.18,0.0
4.185,0.0
4.19,0.0
4.195,0.0
4.2,0.0
4.205,0.0
4.21,0.0
4.215,0.0
4.22,0.0
4.225,0.0
4.23,0.0
4.235,0.0
4.24,0.0
4.245,0.0
4.25,0.0
4.255,0.0
4.26,0.0
4.265,0.0
4.27,0.0
4.275,0.0
4.28,0.0
4.285,0.0
4.29,0.0
4.295,0.0
4.3,0.0
4.305,0.0
4.31,0.0
4.315,0.0
4.32,0.0
4.325,0.0
4.33,0.0
4.335,0.0
4.34,0.0
4.345,0.0
4.35,0.0
4.355,0.0
4.36,0.0
4.365,0.0
4.37,0.0
4.375,0.0
4.38,0.0
4.385,0.0
4.39,0.0
4.395,0.0
4.4,0.0
4.405,0.0
4.41,0.0
4.415,0.0
4.42,0.0
4.425,0.0
4.43,0.0
4.435,0.0
4.44,0.0
4.445,0.0
4.45,0.0
4.455,0.0
4.46,0.0
4.465,0.0
4.47,0.0
4.475,0.0
4.48,0.0
4.485,0.0
4.49,0.0
4.495,0.0
4.5,0.0
4.505,0.0
4.51,0.0
4.515,0.0
4.52,0.0
4.525,0.0
4.53,0.0
4.535,0.0
4.54,0.0
4.545,0.0
4.55,0.0
4.555,0.0
4.56,0.0
4.565,0.0
4.57,0.0
4.575,0.0
4.58,0.0
4.585,0.0
4.59,0.0
4.595,0.0
4.6,0.0
4.605,0.0
4.61,0.0
4.615,0.0
4.62,0.0
4.625,0.0
4.63,0.0
4.635,0.0
4.64,0.0
4.645,0.0
4.65,0.0
4.655,0.0
4.66,0.0
4.665,0.0
4.67,0.0
4.675,0.0
4.68,0.0
4.685,0.0
4.69,0.0
4.695,0.0
4.7,0.0
4.705,0.0
4.71,0.0
4.715,0.0
4.72,0.0
4.725,0.0
4.73,0.0
4.735,0.0
4.74,0.0
4.745,0.0
4.75,0.0
4.755,0.0
4.76,0.0
4.765,0.0
4.77,0.0
4.775,0.0
4.78,0.0
4.785,0.0
4.79,0.0
4.795,0.0
4.8,0.0
4.805,0.0
4.81,0.0
4.815,0.0
4.82,0.0
4.825,0.0
4.83,0.0
4.835,0.0
4.84,0.0
4.845,0.0
4.85,0.0
4.855,0.0
4.86,0.0
4.865,0.0
4.87,0.0
4.875,0.0
4.88,0.0
4.885,0.0
4.89,0.0
4.895,0.0
4.9,0.0
4.905,0.0
4.91,0.0
4.915,0.0
4.92,0.0
4.925,0.0
4.93,0.0
4.935,0.0
4.94,0.0
4.945,0.0
4.95,0.0
4.955,0.0
4.96,0.0
4.965,0.0
4.97,0.0
4.975,0.0
4.98,0.0
4.985,0.0
4.99,0.0
4.995,0.0
5.0,0.0
5.005,0.0
5.01,0.0
5.015,0.0
5.02,0.0
5.025,0.0
5.03,0.0
5.035,0.0
5.04,0.0
5.045,0.0
5.05,0.0
5.055,0.0
5.06,0.0
5.065,0.0
5.07,0.0
5.075,0.0
5.08,0.0
5.085,0.0
5.09,0.0
5.095,0.0
5.1,0.0
5.105,0.0
5.11,0.0
5.115,0.0
5.12,0.0
5.125,0.0
5.13,0.0
5.135,0.0
5.14,0.0
5.145,0.0
5.15,0.0
5.155,0.0
5.16,0.0
5.165,0.0
5.17,0.0
5.175,0.0
5.18,0.0
5.185,0.0
5.19,0.0
5.195,0.0
5.2,0.0
5.205,0.0
5.21,0.0
5.215,0.0
5.22,0.0
5.225,0.0
5.23,0.0
5.235,0.0
5.24,0.0
5.245,0.0
5.25,0.0
5.255,0.0
5.26,0.0
5.265,0.0
5.27,0.0
5.275,0.0
5.28,0.0
5.285,0.0
5.29,0.0
5.295,0.0
5.3,0.0
5.305,0.0
5.31,0.0
5.315,0.0
5.32,0.0
5.325,0.0
5.33,0.0
5.335,0.0
5.34,0.0
5.345,0.0
5.35,0.0
5.355,0.0
5.36,0.0
5.365,0.0
5.37,0.0
5.375,0.0
5.38,0.0
5.385,0.0
5.39,0.0
5.395,0.0
5.4,0.0
5.405,0.0
5.41,0.0
5.415,0.0
5.42,0.0
5.425,0.0
5.43,0.0
5.435,0.0
5.44,0.0
5.445,0.0
5.45,0.0
5.455,0.0
5.46,0.0
5.465,0.0
5.47,0.0
5.475,0.0
5.48,0.0
5.485,0.0
5.49,0.0
5.495,0.0
5.5,0.0
5.505,0.0
5.51,0.0
5.515,0.0
5.52,0.0
5.525,0.0
5.53,0.0
5.535,0.0
5.54,0.0
5.545,0.0
5.55,0.0
5.555,0.0
5.56,0.0
5.565,0.0
5.57,0.0
5.575,0.0
5.58,0.0
5.585,0.0
5.59,0.0
5.595,0.0
5.6,0.0
5.605,0.0
5.61,0.0
5.615,0.0
5.62,0.0
5.625,0.0
5.63,0.0
5.635,0.0
5.64,0.0
5.645,0.0
5.65,0.0
5.655,0.0
5.66,0.0
5.665,0.0
5.67,0.0
5.675,0.0
5.68,0.0
5.685,0.0
5.69,0.0
5.695,0.0
5.7,0.0
5.705,0.0
5.71,0.0
5.715,0.0
5.72,0.0
5.725,0.0
5.73,0.0
5.735,0.0
5.74,0.0
5.745,0.0
5.75,0.0
5.755,0.0
5.76,0.0
5.765,0.0
5.77,0.0
5.775,0.0
5.78,0.0
5.785,0.0
5.79,0.0
5.795,0.0
5.8,0.0
5.805,0.0
5.81,0.0
5.815,0.0
5.82,0.0
5.825,0.0
5.83,0.0
5.835,0.0
5.84,0.0
5.845,0.0
5.85,0.0
5.855,0.0
5.86,0.0
5.865,0.0
5.87,0.0
5.875,0.0
5.88,0.0
5.885,0.0
5.89,0.0
5.895,0.0
5.9,0.0
5.905,0.0
5.91,0.0
5.915,0.0
5.92,0.0
5.925,0.0
5.93,0.0
5.935,0.0
5.94,0.0
5.945,0.0
5.95,0.0
5.955,0.0
5.96,0.0
5.965,0.0
5.97,0.0
5.975,0.0
5.98,0.0
5.985,0.0
5.99,0.0
5.995,0.0
6.0,0.0
6.005,0.0
6.01,0.0
6.015,0.0
6.02,0.0
6.025,0.0
6.03,0.0
6.035,0.0
6.04,0.0
6.045,0.0
6.05,0.0
6.055,0.0
6.06,0.0
6.065,0.0
6.07,0.0
6.075,0.0
6.08,0.0
6.085,0.0
6.09,0.0
6.095,0.0
6.1,0.0
6.105,0.0
6.11,0.0
6.115,0.0
6.12,0.0
6.125,0.0
6.13,0.0
6.135,0.0
6.14,0.0
6.145,0.0
6.15,0.0
6.155,0.0
6.16,0.0
6.165,0.0
6.17,0.0
6.175,0.0
6.18,0.0
6.185,0.0
6.19,0.0
6.195,0.0
6.2,0.0
6.205,0.0
6.21,0.0
6.215,0.0
6.22,0.0
6.225,0.0
6.23,0.0
6.235,0.0
6.24,0.0
6.245,0.0
6.25,0.0
6.255,0.0
6.26,0.0
6.265,0.0
6.27,0.0
6.275,0.0
6.28,0.0
6.285,0.0
6.29,0.0
6.295,0.0
6.3,0.0
6.305,0.0
6.31,0.0
6.315,0.0
6.32,0.0
6.325,0.0
6.33,0.0
6.335,0.0
6.34,0.0
6.345,0.0
6.35,0.0
6.355,0.0
6.36,0.0
6.365,0.0
6.37,0.0
6.375,0.0
6.38,0.0
6.385,0.0
6.39,0.0
6.395,0.0
6.4,0.0
6.405,0.0
6.41,0.0
6.415,0.0
6.42,0.0
6.425,0.0
6.43,0.0
6.435,0.0
6.44,0.0
6.445,0.0
6.45,0.0
6.455,0.0
6.46,0.0
6.465,0.0
6.47,0.0
6.475,0.0
6.48,0.0
6.485,0.0
6.49,0.0
6.495,0.0
6.5,0.0
6.505,0.0
6.51,0.0
6.515,0.0
6.52,0.0
6.525,0.0
6.53,0.0
6.535,0.0
6.54,0.0
6.545,0.0
6.55,0.0
6.555,0.0
6.56,0.0
6.565,0.0
6.57,0.0
6.575,0.0
6.58,0.0
6.585,0.0
6.59,0.0
6.595,0.0
6.6,0.0
6.605,0.0
6.61,0.0
6.615,0.0
6.62,0.0
6.625,0.0
6.63,0.0
6.635,0.0
6.64,0.0
6.645,0.0
6.65,0.0
6.655,0.0
6.66,0.0
6.665,0.0
6.67,0.0
6.675,0.0
6.68,0.0
6.685,0.0
6.69,0.0
6.695,0.0
6.7,0.0
6.705,0.0
6.71,0.0
6.715,0.0
6.72,0.0
6.725,0.0
6.73,0.0
6.735,0.0
6.74,0.0
6.745,0.0
6.75,0.0
6.755,0.0
6.76,0.0
6.765,0.0
6.77,0.0
6.775,0.0
6.78,0.0
6.785,0.0
6.79,0.0
6.795,0.0
6.8,0.0
6.805,0.0
6.81,0.0
6.815,0.0
6.82,0.0
6.825,0.0
6.83,0.0
6.835,0.0
6.84,0.0
6.845,0.0
6.85,0.0
6.855,0.0
6.86,0.0
6.865,0.0
6.87,0.0
6.875,0.0
6.88,0.0
6.885,0.0
6.89,0.0
6.895,0.0
6.9,0.0
6.905,0.0
6.91,0.0
6.915,0.0
6.92,0.0
6.925,0.0
6.93,0.0
6.935,0.0
6.94,0.0
6.945,0.0
6.95,0.0
6.955,0.0
6.96,0.0
6.965,0.0
6.97,0.0
6.975,0.0
6.98,0.0
6.985,0.0
6.99,0.0
6.995,0.0
7.0,0.0
7.005,0.0
7.01,0.0
7.015,0.0
7.02,0.0
7.025,0.0
7.03,0.0
7.035,0.0
7.04,0.0
7.045,0.0
7.05,0.0
7.055,0.0
7.06,0.0
7.065,0.0
7.07,0.0
7.075,0.0
7.08,0.0
7.085,0.0
7.09,0.0
7.095,0.0
7.1,0.0
7.105,0.0
7.11,0.0
7.115,0.0
7.12,0.0
7.125,0.0
7.13,0.0
7.135,0.0
7.14,0.0
7.145,0.0
7.15,0.0
7.155,0.0
7.16,0.0
7.165,0.0
7.17,0.0
7.175,0.0
7.18,0.0
7.185,0.0
7.19,0.0
7.195,0.0
7.2,0.0
7.205,0.0
7.21,0.0
7.215,0.0
7.22,0.0
7.225,0.0
7.23,0.0
7.235,0.0
7.24,0.0
7.245,0.0
7.25,0.0
7.255,0.0
7.26,0.0
7.265,0.0
7.27,0.0
7.275,0.0
7.28,0.0
7.285,0.0
7.29,0.0
7.295,0.0
7.3,0.0
7.305,0.0
7.31,0.0
7.315,0.0
7.32,0.0
7.325,0.0
7.33,0.0
7.335,0.0
7.34,0.0
7.345,0.0
7.35,0.0
7.355,0.0
7.36,0.0
7.365,0.0
7.37,0.0
7.375,0.0
7.38,0.0
7.385,0.0
7.39,0.0
7.395,0.0
7.4,0.0
7.405,0.0
7.41,0.0
7.415,0.0
7.42,0.0
7.425,0.0
7.43,0.0
7.435,0.0
7.44,0.0
7.445,0.0
7.45,0.0
7.455,0.0
7.46,0.0
7.465,0.0
7.47,0.0
7.475,0.0
7.48,0.0
7.485,0.0
7.49,0.0
7.495,0.0
7.5,0.0
7.505,0.0
7.51,0.0
7.515,0.0
7.52,0.0
7.525,0.0
7.53,0.0
7.535,0.0
7.54,0.0
7.545,0.0
7.55,0.0
7.555,0.0
7.56,0.0
7.565,0.0
7.57,0.0
7.575,0.0
7.58,0.0
7.585,0.0
7.59,0.0
7.595,0.0
7.6,0.0
7.605,0.0
7.61,0.0
7.615,0.0
7.62,0.0
7.625,0.0
7.63,0.0
7.635,0.0
7.64,0.0
7.645,0.0
7.65,0.0
7.655,0.0
7.66,0.0
7.665,0.0
7.67,0.0
7.675,0.0
7.68,0.0
7.685,0.0
7.69,0.0
7.695,0.0
7.7,0.0
7.705,0.0
7.71,0.0
7.715,0.0
7.72,0.0
7.725,0.0
7.73,0.0
7.735,0.0
7.74,0.0
7.745,0.0
7.75,0.0
7.755,0.0
7.76,0.0
7.765,0.0
7.77,0.0
7.775,0.0
7.78,0.0
7.785,0.0
7.79,0.0
7.795,0.0
7.8,0.0
7.805,0.0
7.81,0.0
7.815,0.0
7.82,0.0
7.825,0.0
7.83,0.0
7.835,0.0
7.84,0.0
7.845,0.0
7.85,0.0
7.855,0.0
7.86,0.0
7.865,0.0
7.87,0.0
7.875,0.0
7.88,0.0
7.885,0.0
7.89,0.0
7.895,0.0
7.9,0.0
7.905,0.0
7.91,0.0
7.915,0.0
7.92,0.0
7.925,0.0
7.93,0.0
7.935,0.0
7.94,0.0
7.945,0.0
7.95,0.0
7.955,0.0
7.96,0.0
7.965,0.0
7.97,0.0
7.975,0.0
7.98,0.0
7.985,0.0
7.99,0.0
7.995,0.0
8.0,0.0
8.005,0.0
8.01,0.0
8.015,0.0
8.02,0.0
8.025,0.0
8.03,0.0
8.035,0.0
8.04,0.0
8.045,0.0
8.05,0.0
8.055,0.0
8.06,0.0
8.065,0.0
8.07,0.0
8.075,0.0
8.08,0.0
8.085,0.0
8.09,0.0
8.095,0.0
8.1,0.0
8.105,0.0
8.11,0.0
8.115,0.0
8.12,0.0
8.125,0.0
8.13,0.0
8.135,0.0
8.14,0.0
8.145,0.0
8.15,0.0
8.155,0.0
8.16,0.0
8.165,0.0
8.17,0.0
8.175,0.0
8.18,0.0
8.185,0.0
8.19,0.0
8.195,0.0
8.2,0.0
8.205,0.0
8.21,0.0
8.215,0.0
8.22,0.0
8.225,0.0
8.23,0.0
8.235,0.0
8.24,0.0
8.245,0.0
8.25,0.0
8.255,0.0
8.26,0.0
8.265,0.0
8.27,0.0
8.275,0.0
8.28,0.0
8.285,0.0
8.29,0.0
8.295,0.0
8.3,0.0
8.305,0.0
8.31,0.0
8.315,0.0
8.32,0.0
8.325,0.0
8.33,0.0
8.335,0.0
8.34,0.0
8.345,0.0
8.35,0.0
8.355,0.0
8.36,0.0
8.365,0.0
8.37,0.0
8.375,0.0
8.38,0.0
8.385,0.0
8.39,0.0
8.395,0.0
8.4,0.0
8.405,0.0
8.41,0.0
8.415,0.0
8.42,0.0
8.425,0.0
8.43,0.0
8.435,0.0
8.44,0.0
8.445,0.0
8.45,0.0
8.455,0.0
8.46,0.0
8.465,0.0
8.47,0.0
8.475,0.0
8.48,0.0
8.485,0.0
8.49,0.0
8.495,0.0
8.5,0.0
8.505,0.0
8.51,0.0
8.515,0.0
8.52,0.0
8.525,0.0
8.53,0.0
8.535,0.0
8.54,0.0
8.545,0.0
8.55,0.0
8.555,0.0
8.56,0.0
8.565,0.0
8.57,0.0
8.575,0.0
8.58,0.0
8.585,0.0
8.59,0.0
8.595,0.0
8.6,0.0
8.605,0.0
8.61,0.0
8.615,0.0
8.62,0.0
8.625,0.0
8.63,0.0
8.635,0.0
8.64,0.0
8.645,0.0
8.65,0.0
8.655,0.0
8.66,0.0
8.665,0.0
8.67,0.0
8.675,0.0
8.68,0.0
8.685,0.0
8.69,0.0
8.695,0.0
8.7,0.0
8.705,0.0
8.71,0.0
8.715,0.0
8.72,0.0
8.725,0.0
8.73,0.0
8.735,0.0
8.74,0.0
8.745,0.0
8.75,0.0
8.755,0.0
8.76,0.0
8.765,0.0
8.77,0.0
8.775,0.0
8.78,0.0
8.785,0.0
8.79,0.0
8.795,0.0
8.8,0.0
8.805,0.0
8.81,0.0
8.815,0.0
8.82,0.0
8.825,0.0
8.83,0.0
8.835,0.0
8.84,0.0
8.845,0.0
8.85,0.0
8.855,0.0
8.86,0.0
8.865,0.0
8.87,0.0
8.875,0.0
8.88,0.0
8.885,0.0
8.89,0.0
8.895,0.0
8.9,0.0
8.905,0.0
8.91,0.0
8.915,0.0
8.92,0.0
8.925,0.0
8.93,0.0
8.935,0.0
8.94,0.0
8.945,0.0
8.95,0.0
8.955,0.0
8.96,0.0
8.965,0.0
8.97,0.0
8.975,0.0
8.98,0.0
8.985,0.0
8.99,0.0
8.995,0.0
9.0,0.0
9.005,0.0
9.01,0.0
9.015,0.0
9.02,0.0
9.025,0.0
9.03,0.0
9.035,0.0
9.04,0.0
9.045,0.0
9.05,0.0
9.055,0.0
9.06,0.0
9.065,0.0
9.07,0.0
9.075,0.0
9.08,0.0
9.085,0.0
9.09,0.0
9.095,0.0
9.1,0.0
9.105,0.0
9.11,0.0
9.115,0.0
9.12,0.0
9.125,0.0
9.13,0.0
9.135,0.0
9.14,0.0
9.145,0.0
9.15,0.0
9.155,0.0
9.16,0.0
9.165,0.0
9.17,0.0
9.175,0.0
9.18,0.0
9.185,0.0
9.19,0.0
9.195,0.0
9.2,0.0
9.205,0.0
9.21,0.0
9.215,0.0
9.22,0.0
9.225,0.0
9.23,0.0
9.235,0.0
9.24,0.0
9.245,0.0
9.25,0.0
9.255,0.0
9.26,0.0
9.265,0.0
9.27,0.0
9.275,0.0
9.28,0.0
9.285,0.0
9.29,0.0
9.295,0.0
9.3,0.0
9.305,0.0
9.31,0.0
9.315,0.0
9.32,0.0
9.325,0.0
9.33,0.0
9.335,0.0
9.34,0.0
9.345,0.0
9.35,0.0
9.355,0.0
9.36,0.0
9.365,0.0
9.37,0.0
9.375,0.0
9.38,0.0
9.385,0.0
9.39,0.0
9.395,0.0
9.4,0.0
9.405,0.0
9.41,0.0
9.415,0.0
9.42,0.0
9.425,0.0
9.43,0.0
9.435,0.0
9.44,0.0
9.445,0.0
9.45,0.0
9.455,0.0
9.46,0.0
9.465,0.0
9.47,0.0
9.475,0.0
9.48,0.0
9.485,0.0
9.49,0.0
9.495,0.0
9.5,0.0
9.505,0.0
9.51,0.0
9.515,0.0
9.52,0.0
9.525,0.0
9.53,0.0
9.535,0.0
9.54,0.0
9.545,0.0
9.55,0.0
9.555,0.0
9.56,0.0
9.565,0.0
9.57,0.0
9.575,0.0
9.58,0.0
9.585,0.0
9.59,0.0
9.595,0.0
9.6,0.0
9.605,0.0
9.61,0.0
9.615,0.0
9.62,0.0
9.625,0.0
9.63,0.0
9.635,0.0
9.64,0.0
9.645,0.0
9.65,0.0
9.655,0.0
9.66,0.0
9.665,0.0
9.67,0.0
9.675,0.0
9.68,0.0
9.685,0.0
9.69,0.0
9.695,0.0
9.7,0.0
9.705,0.0
9.71,0.0
9.715,0.0
9.72,0.0
9.725,0.0
9.73,0.0
9.735,0.0
9.74,0.0
9.745,0.0
9.75,0.0
9.755,0.0
9.76,0.0
9.765,0.0
9.77,0.0
9.775,0.0
9.78,0.0
9.785,0.0
9.79,0.0
9.795,0.0
9.8,0.0
9.805,0.0
9.81,0.0
9.815,0.0
9.82,0.0
9.825,0.0
9.83,0.0
9.835,0.0
9.84,0.0
9.845,0.0
9.85,0.0
9.855,0.0
9.86,0.0
9.865,0.0
9.87,0.0
9.875,0.0
9.88,0.0
9.885,0.0
9.89,0.0
9.895,0.0
9.9,0.0
9.905,0.0
9.91,0.0
9.915,0.0
9.92,0.0
9.925,0.0
9.93,0.0
9.935,0.0
9.94,0.0
9.945,0.0
9.95,0.0
9.955,0.0
9.96,0.0
9.965,0.0
9.97,0.0
9.975,0.0
9.98,0.0
9.985,0.0
9.99,0.0
9.995,0.0
10.0,0.0
10.005,0.0
10.01,0.0
10.015,0.0
10.02,0.0
10.025,0.0
10.03,0.0
10.035,0.0
10.04,0.0
10.045,0.0
10.05,0.0
10.055,0.0
10.06,0.0
10.065,0.0
10.07,0.0
10.075,0.0
10.08,0.0
10.085,0.0
10.09,0.0
10.095,0.0
10.1,0.0
10.105,0.0
10.11,0.0
10.115,0.0
10.12,0.0
10.125,0.0
10.13,0.0
10.135,0.0
10.14,0.0
10.145,0.0
10.15,0.0
10.155,0.0
10.16,0.0
10.165,0.0
10.17,0.0
10.175,0.0
10.18,0.0
10.185,0.0
10.19,0.0
10.195,0.0
10.2,0.0
10.205,0.0
10.21,0.0
10.215,0.0
10.22,0.0
10.225,0.0
10.23,0.0
10.235,0.0
10.24,0.0
10.245,0.0
10.25,0.0
10.255,0.0
10.26,0.0
10.265,0.0
10.27,0.0
10.275,0.0
10.28,0.0
10.285,0.0
10.29,0.0
10.295,0.0
10.3,0.0
10.305,0.0
10.31,0.0
10.315,0.0
10.32,0.0
10.325,0.0
10.33,0.0
10.335,0.0
10.34,0.0
10.345,0.0
10.35,0.0
10.355,0.0
10.36,0.0
10.365,0.0
10.37,0.0
10.375,0.0
10.38,0.0
10.385,0.0
10.39,0.0
10.395,0.0
10.4,0.0
10.405,0.0
10.41,0.0
10.415,0.0
10.42,0.0
10.425,0.0
10.43,0.0
10.435,0.0
10.44,0.0
10.445,0.0
10.45,0.0
10.455,0.0
10.46,0.0
10.465,0.0
10.47,0.0
10.475,0.0
10.48,0.0
10.485,0.0
10.49,0.0
10.495,0.0
10.5,0.0
10.505,0.0
10.51,0.0
10.515,0.0
10.52,0.0
10.525,0.0
10.53,0.0
10.535,0.0
10.54,0.0
10.545,0.0
10.55,0.0
10.555,0.0
10.56,0.0
10.565,0.0
10.57,0.0
10.575,0.0
10.58,0.0
10.585,0.0
10.59,0.0
10.595,0.0
10.6,0.0
10.605,0.0
10.61,0.0
10.615,0.0
10.62,0.0
10.625,0.0
10.63,0.0
10.635,0.0
10.64,0.0
10.645,0.0
10.65,0.0
10.655,0.0
10.66,0.0
10.665,0.0
10.67,0.0
10.675,0.0
10.68,0.0
10.685,0.0
10.69,0.0
10.695,0.0
10.7,0.0
10.705,0.0
10.71,0.0
10.715,0.0
10.72,0.0
10.725,0.0
10.73,0.0
10.735,0.0
10.74,0.0
10.745,0.0
10.75,0.0
10.755,0.0
10.76,0.0
10.765,0.0
10.77,0.0
10.775,0.0
10.78,0.0
10.785,0.0
10.79,0.0
10.795,0.0
10.8,0.0
10.805,0.0
10.81,0.0
10.815,0.0
10.82,0.0
10.825,0.0
10.83,0.0
10.835,0.0
10.84,0.0
10.845,0.0
10.85,0.0
10.855,0.0
10.86,0.0
10.865,0.0
10.87,0.0
10.875,0.0
10.88,0.0
10.885,0.0
10.89,0.0
10.895,0.0
10.9,0.0
10.905,0.0
10.91,0.0
10.915,0.0
10.92,0.0
10.925,0.0
10.93,0.0
10.935,0.0
10.94,0.0
10.945,0.0
10.95,0.0
10.955,0.0
10.96,0.0
10.965,0.0
10.97,0.0
10.975,0.0
10.98,0.0
10.985,0.0
10.99,0.0
10.995,0.0
11.0,0.0
11.005,0.0
11.01,0.0
11.015,0.0
11.02,0.0
11.025,0.0
11.03,0.0
11.035,0.0
11.04,0.0
11.045,0.0
11.05,0.0
11.055,0.0
11.06,0.0
11.065,0.0
11.07,0.0
11.075,0.0
11.08,0.0
11.085,0.0
11.09,0.0
11.095,0.0
11.1,0.0
11.105,0.0
11.11,0.0
11.115,0.0
11.12,0.0
11.125,0.0
11.13,0.0
11.135,0.0
11.14,0.0
11.145,0.0
11.15,0.0
11.155,0.0
11.16,0.0
11.165,0.0
11.17,0.0
11.175,0.0
11.18,0.0
11.185,0.0
11.19,0.0
11.195,0.0
11.2,0.0
11.205,0.0
11.21,0.0
11.215,0.0
11.22,0.0
11.225,0.0
11.23,0.0
11.235,0.0
11.24,0.0
11.245,0.0
11.25,0.0
11.255,0.0
11.26,0.0
11.265,0.0
11.27,0.0
11.275,0.0
11.28,0.0
11.285,0.0
11.29,0.0
11.295,0.0
11.3,0.0
11.305,0.0
11.31,0.0
11.315,0.0
11.32,0.0
11.325,0.0
11.33,0.0
11.335,0.0
11.34,0.0
11.345,0.0
11.35,0.0
11.355,0.0
11.36,0.0
11.365,0.0
11.37,0.0
11.375,0.0
11.38,0.0
11.385,0.0
11.39,0.0
11.395,0.0
11.4,0.0
11.405,0.0
11.41,0.0
11.415,0.0
11.42,0.0
11.425,0.0
11.43,0.0
11.435,0.0
11.44,0.0
11.445,0.0
11.45,0.0
11.455,0.0
11.46,0.0
11.465,0.0
11.47,0.0
11.475,0.0
11.48,0.0
11.485,0.0
11.49,0.0
11.495,0.0
11.5,0.0
11.505,0.0
11.51,0.0
11.515,0.0
11.52,0.0
11.525,0.0
11.53,0.0
11.535,0.0
11.54,0.0
11.545,0.0
11.55,0.0
11.555,0.0
11.56,0.0
11.565,0.0
11.57,0.0
11.575,0.0
11.58,0.0
11.585,0.0
11.59,0.0
11.595,0.0
11.6,0.0
11.605,0.0
11.61,0.0
11.615,0.0
11.62,0.0
11.625,0.0
11.63,0.0
11.635,0.0
11.64,0.0
11.645,0.0
11.65,0.0
11.655,0.0
11.66,0.0
11.665,0.0
11.67,0.0
11.675,0.0
11.68,0.0
11.685,0.0
11.69,0.0
11.695,0.0
11.7,0.0
11.705,0.0
11.71,0.0
11.715,0.0
11.72,0.0
11.725,0.0
11.73,0.0
11.735,0.0
11.74,0.0
11.745,0.0
11.75,0.0
11.755,0.0
11.76,0.0
11.765,0.0
11.77,0.0
11.775,0.0
11.78,0.0
11.785,0.0
11.79,0.0
11.795,0.0
11.8,0.0
11.805,0.0
11.81,0.0
11.815,0.0
11.82,0.0
11.825,0.0
11.83,0.0
11.835,0.0
11.84,0.0
11.845,0.0
11.85,0.0
11.855,0.0
11.86,0.0
11.865,0.0
11.87,0.0
11.875,0.0
11.88,0.0
11.885,0.0
11.89,0.0
11.895,0.0
11.9,0.0
11.905,0.0
11.91,0.0
11.915,0.0
11.92,0.0
11.925,0.0
11.93,0.0
11.935,0.0
11.94,0.0
11.945,0.0
11.95,0.0
11.955,0.0
11.96,0.0
11.965,0.0
11.97,0.0
11.975,0.0
11.98,0.0
11.985,0.0
11.99,0.0
11.995,0.0
12.0,0.0
12.005,0.0
12.01,0.0
12.015,0.0
12.02,0.0
12.025,0.0
12.03,0.0
12.035,0.0
12.04,0.0
12.045,0.0
12.05,0.0
12.055,0.0
12.06,0.0
12.065,0.0
12.07,0.0
12.075,0.0
12.08,0.0
12.085,0.0
12.09,0.0
12.095,0.0
12.1,0.0
12.105,0.0
12.11,0.0
12.115,0.0
12.12,0.0
12.125,0.0
12.13,0.0
12.135,0.0
12.14,0.0
12.145,0.0
12.15,0.0
12.155,0.0
12.16,0.0
12.165,0.0
12.17,0.0
12.175,0.0
12.18,0.0
12.185,0.0
12.19,0.0
12.195,0.0
12.2,0.0
12.205,0.0
12.21,0.0
12.215,0.0
12.22,0.0
12.225,0.0
12.23,0.0
12.235,0.0
12.24,0.0
12.245,0.0
12.25,0.0
12.255,0.0
12.26,0.0
12.265,0.0
12.27,0.0
12.275,0.0
12.28,0.0
12.285,0.0
12.29,0.0
12.295,0.0
12.3,0.0
12.305,0.0
12.31,0.0
12.315,0.0
12.32,0.0
12.325,0.0
12.33,0.0
12.335,0.0
12.34,0.0
12.345,0.0
12.35,0.0
12.355,0.0
12.36,0.0
12.365,0.0
12.37,0.0
12.375,0.0
12.38,0.0
12.385,0.0
12.39,0.0
12.395,0.0
12.4,0.0
12.405,0.0
12.41,0.0
12.415,0.0
12.42,0.0
12.425,0.0
12.43,0.0
12.435,0.0
12.44,0.0
12.445,0.0
12.45,0.0
12.455,0.0
12.46,0.0
12.465,0.0
12.47,0.0
12.475,0.0
12.48,0.0
12.485,0.0
12.49,0.0
12.495,0.0
12.5,0.0
12.505,0.0
12.51,0.0
12.515,0.0
12.52,0.0
12.525,0.0
12.53,0.0
12.535,0.0
12.54,0.0
12.545,0.0
12.55,0.0
12.555,0.0
12.56,0.0
12.565,0.0
12.57,0.0
12.575,0.0
12.58,0.0
12.585,0.0
12.59,0.0
12.595,0.0
12.6,0.0
12.605,0.0
12.61,0.0
12.615,0.0
12.62,0.0
12.625,0.0
12.63,0.0
12.635,0.0
12.64,0.0
12.645,0.0
12.65,0.0
12.655,0.0
12.66,0.0
12.665,0.0
12.67,0.0
12.675,0.0
12.68,0.0
12.685,0.0
12.69,0.0
12.695,0.0
12.7,0.0
12.705,0.0
12.71,0.0
12.715,0.0
12.72,0.0
12.725,0.0
12.73,0.0
12.735,0.0
12.74,0.0
12.745,0.0
12.75,0.0
12.755,0.0
12.76,0.0
12.765,0.0
12.77,0.0
12.775,0.0
12.78,0.0
12.785,0.0
12.79,0.0
12.795,0.0
12.8,0.0
12.805,0.0
12.81,0.0
12.815,0.0
12.82,0.0
12.825,0.0
12.83,0.0
12.835,0.0
12.84,0.0
12.845,0.0
12.85,0.0
12.855,0.0
12.86,0.0
12.865,0.0
12.87,0.0
12.875,0.0
12.88,0.0
12.885,0.0
12.89,0.0
12.895,0.0
12.9,0.0
12.905,0.0
12.91,0.0
12.915,0.0
12.92,0.0
12.925,0.0
12.93,0.0
12.935,0.0
12.94,0.0
12.945,0.0
12.95,0.0
12.955,0.0
12.96,0.0
12.965,0.0
12.97,0.0
12.975,0.0
12.98,0.0
12.985,0.0
12.99,0.0
12.995,0.0
13.0,0.0
13.005,0.0
13.01,0.0
13.015,0.0
13.02,0.0
13.025,0.0
13.03,0.0
13.035,0.0
13.04,0.0
13.045,0.0
13.05,0.0
13.055,0.0
13.06,0.0
13.065,0.0
13.07,0.0
13.075,0.0
13.08,0.0
13.085,0.0
13.09,0.0
13.095,0.0
13.1,0.0
13.105,0.0
13.11,0.0
13.115,0.0
13.12,0.0
13.125,0.0
13.13,0.0
13.135,0.0
13.14,0.0
13.145,0.0
13.15,0.0
13.155,0.0
13.16,0.0
13.165,0.0
13.17,0.0
13.175,0.0
13.18,0.0
13.185,0.0
13.19,0.0
13.195,0.0
13.2,0.0
13.205,0.0
13.21,0.0
13.215,0.0
13.22,0.0
13.225,0.0
13.23,0.0
13.235,0.0
13.24,0.0
13.245,0.0
13.25,0.0
13.255,0.0
13.26,0.0
13.265,0.0
13.27,0.0
13.275,0.0
13.28,0.0
13.285,0.0
13.29,0.0
13.295,0.0
13.3,0.0
13.305,0.0
13.31,0.0
13.315,0.0
13.32,0.0
13.325,0.0
13.33,0.0
13.335,0.0
13.34,0.0
13.345,0.0
13.35,0.0
13.355,0.0
13.36,0.0
13.365,0.0
13.37,0.0
13.375,0.0
13.38,0.0
13.385,0.001617
13.39,0.002425
13.395,0.002425
13.4,0.004038
13.405,0.004844
13.41,0.003227
13.415,0.004834
13.42,0.007246
13.425,0.005633
13.43,0.008039
13.435,0.010446
13.44,0.012041
13.445,0.013634
13.45,0.018438
13.455,0.021626
13.46,0.024815
13.465,0.035984
13.47,0.045548
13.475,0.059091
13.48,0.072617
13.485,0.091712
13.49,0.109165
13.495,0.134565
13.5,0.15357
13.505,0.188438
13.51,0.22723
13.515,0.269928
13.52,0.318119
13.525,0.382907
13.53,0.453912
13.535,0.532739
13.54,0.613044
13.545,0.705877
13.55,0.773343
13.555,0.871415
13.56,0.967779
13.565,1.057725
13.57,1.190775
13.575,1.325337
13.58,1.465884
13.585,1.604703
13.59,1.801427
13.595,1.948389
13.6,2.198641
13.605,2.425013
13.61,2.63084
13.615,2.844092
13.62,3.051657
13.625,3.207229
13.63,3.358655
13.635,3.599589
13.64,3.802714
13.645,4.018871
13.65,4.25337
13.655,4.450292
13.66,4.584673
13.665,4.72736
13.67,4.900079
13.675,5.06393
13.68,5.233096
13.685,5.375772
13.69,5.504276
13.695,5.518961
13.7,5.512609
13.705,5.49932
13.71,5.519199
13.715,5.59825
13.72,5.693614
13.725,5.744968
13.73,5.821663
13.735,5.875173
13.74,5.861576
13.745,5.922508
13.75,5.999529
13.755,6.028197
13.76,5.983392
13.765,5.962241
13.77,5.926474
13.775,5.913621
13.78,5.935208
13.785,5.941027
13.79,5.957343
13.795,5.953794
13.8,5.952434
13.805,5.892535
13.81,5.911215
13.815,5.899326
13.82,5.935988
13.825,5.837628
13.83,5.86827
13.835,5.841405
13.84,5.836399
13.845,5.82065
13.85,5.911009
13.855,5.903695
13.86,5.962972
13.865,5.966283
13.87,5.976239
13.875,5.896656
13.88,5.887883
13.885,5.895639
13.89,5.868137
13.895,5.784987
13.9,5.813921
13.905,5.849403
13.91,5.776246
13.915,5.822992
13.92,5.851064
13.925,5.887254
13.93,5.859771
13.935,5.947504
13.94,5.924587
13.945,5.902546
13.95,5.847662
13.955,5.783923
13.96,5.769939
13.965,5.788771
13.97,5.785434
13.975,5.824384
13.98,5.953787
13.985,5.942857
13.99,5.8905
13.995,5.942646
14.0,5.908887
14.005,5.814336
14.01,5.753295
14.015,5.766935
14.02,5.728062
14.025,5.719574
14.03,5.839824
14.035,5.896863
14.04,5.913339
14.045,5.901904
14.05,5.897137
14.055,5.770887
14.06,5.730061
14.065,5.720785
14.07,5.769423
14.075,5.796123
14.08,5.795701
14.085,5.808457
14.09,5.822587
14.095,5.811087
14.1,5.778576
14.105,5.780334
14.11,5.811182
14.115,5.752501
14.12,5.738168
14.125,5.755248
14.13,5.741751
14.135,5.706401
14.14,5.693768
14.145,5.667946
14.15,5.721794
14.155,5.717784
14.16,5.710849
14.165,5.744502
14.17,5.723904
14.175,5.690858
14.18,5.656612
14.185,5.613725
14.19,5.568722
14.195,5.507286
14.2,5.510383
14.205,5.536672
14.21,5.557924
14.215,5.55409
14.22,5.58907
14.225,5.575673
14.23,5.601055
14.235,5.567109
14.24,5.589726
14.245,5.625881
14.25,5.561924
14.255,5.51655
14.26,5.512753
14.265,5.495342
14.27,5.497805
14.275,5.523855
14.28,5.503653
14.285,5.499166
14.29,5.510244
14.295,5.459518
14.3,5.369916
14.305,5.371792
14.31,5.372988
14.315,5.376914
14.32,5.379514
14.325,5.422532
14.33,5.465303
14.335,5.478468
14.34,5.433049
14.345,5.409579
14.35,5.3313
14.355,5.295036
14.36,5.244881
14.365,5.265757
14.37,5.208071
14.375,5.308383
14.38,5.291978
14.385,5.361869
14.39,5.317537
14.395,5.320363
14.4,5.297025
14.405,5.258388
14.41,5.143622
14.415,5.13584
14.42,5.188799
14.425,5.171881
14.43,5.156462
14.435,5.205158
14.44,5.177972
14.445,5.159052
14.45,5.127677
14.455,5.154648
14.46,5.112938
14.465,5.102549
14.47,5.074068
14.475,5.027693
14.48,4.994365
14.485,4.979172
14.49,5.030252
14.495,5.048844
14.5,5.0579
14.505,5.037877
14.51,5.099154
14.515,5.037118
14.52,4.994426
14.525,5.028132
14.53,4.999321
14.535,4.944293
14.54,4.91351
14.545,4.904656
14.55,4.885438
14.555,4.848613
14.56,4.860921
14.565,4.865169
14.57,4.891172
14.575,4.862532
14.58,4.900912
14.585,4.850481
14.59,4.883956
14.595,4.84109
14.6,4.876521
14.605,4.850797
14.61,4.815634
14.615,4.762745
14.62,4.737109
14.625,4.669349
14.63,4.650562
14.635,4.700853
14.64,4.749024
14.645,4.726935
14.65,4.721726
14.655,4.730042
14.66,4.684945
14.665,4.655996
14.67,4.678477
14.675,4.614777
14.68,4.608914
14.685,4.566805
14.69,4.528649
14.695,4.506697
14.7,4.523199
14.705,4.473156
14.71,4.460784
14.715,4.455663
14.72,4.473968
14.725,4.477659
14.73,4.488706
14.735,4.509106
14.74,4.433338
14.745,4.398877
14.75,4.388555
14.755,4.38688
14.76,4.347957
14.765,4.333166
14.77,4.282995
14.775,4.297291
14.78,4.261801
14.785,4.308624
14.79,4.313133
14.795,4.332123
14.8,4.291425
14.805,4.3216
14.81,4.233368
14.815,4.255002
14.82,4.192732
14.825,4.14637
14.83,4.107834
14.835,4.140648
14.84,4.109508
14.845,4.131136
14.85,4.171795
14.855,4.131543
14.86,4.093937
14.865,4.049889
14.87,4.043196
14.875,3.982097
14.88,3.972861
14.885,3.920464
14.89,3.931593
14.895,3.888374
14.9,3.867483
14.905,3.842002
14.91,3.838174
14.915,3.802987
14.92,3.819924
14.925,3.788113
14.93,3.803092
14.935,3.809676
14.94,3.846115
14.945,3.848016
14.95,3.857896
14.955,3.844271
14.96,3.830093
14.965,3.793188
14.97,3.763397
14.975,3.787418
14.98,3.745475
14.985,3.705581
14.99,3.676009
14.995,3.609688
15.0,3.545337
15.005,3.522327
15.01,3.506486
15.015,3.483532
15.02,3.504337
15.025,3.487897
15.03,3.500948
15.035,3.505716
15.04,3.519416
15.045,3.509358
15.05,3.530759
15.055,3.48236
15.06,3.46793
15.065,3.432384
15.07,3.421114
15.075,3.377347
15.08,3.391695
15.085,3.418101
15.09,3.41078
15.095,3.377328
15.1,3.396747
15.105,3.37798
15.11,3.311567
15.115,3.309998
15.12,3.317318
15.125,3.327107
15.13,3.316054
15.135,3.320908
15.14,3.283952
15.145,3.259641
15.15,3.246639
15.155,3.233132
15.16,3.221562
15.165,3.227681
15.17,3.204785
15.175,3.124551
15.18,3.138792
15.185,3.108445
15.19,3.067431
15.195,3.0748
15.2,3.05403
15.205,3.000498
15.21,2.998527
15.215,3.020986
15.22,2.910728
15.225,2.921966
15.23,2.876901
15.235,2.848725
15.24,2.806162
15.245,2.882381
15.25,2.882952
15.255,2.880511
15.26,2.880511
15.265,2.868066
15.27,2.834433
15.275,2.797122
15.28,2.843093
15.285,2.809605
15.29,2.784844
15.295,2.753286
15.3,2.784911
15.305,2.771823
15.31,2.747822
15.315,2.734338
15.32,2.725821
15.325,2.670876
15.33,2.603005
15.335,2.610576
15.34,2.58117
15.345,2.602238
15.35,2.566093
15.355,2.531841
15.36,2.49085
15.365,2.513792
15.37,2.473395
15.375,2.484672
15.38,2.489838
15.385,2.511541
15.39,2.480505
15.395,2.467262
15.4,2.452807
15.405,2.412151
15.41,2.414798
15.415,2.362621
15.42,2.334839
15.425,2.299772
15.43,2.328746
15.435,2.278467
15.44,2.309275
15.445,2.302926
15.45,2.335453
15.455,2.309042
15.46,2.330611
15.465,2.311545
15.47,2.311288
15.475,2.276451
15.48,2.273787
15.485,2.234795
15.49,2.221284
15.495,2.170339
15.5,2.176729
15.505,2.190351
15.51,2.175096
15.515,2.152642
15.52,2.166982
15.525,2.145678
15.53,2.084723
15.535,2.052755
15.54,2.043041
15.545,2.019516
15.55,1.937832
15.555,1.912593
15.56,1.913739
15.565,1.904086
15.57,1.91298
15.575,1.990683
15.58,2.000819
15.585,2.009709
15.59,1.979849
15.595,1.956516
15.6,1.925966
15.605,1.906882
15.61,1.872905
15.615,1.864624
15.62,1.839657
15.625,1.795651
15.63,1.780838
15.635,1.774932
15.64,1.772032
15.645,1.762021
15.65,1.760292
15.655,1.741434
15.66,1.723747
15.665,1.691935
15.67,1.679035
15.675,1.666112
15.68,1.648551
15.685,1.654531
15.69,1.681772
15.695,1.679539
15.7,1.679039
15.705,1.672749
15.71,1.643468
15.715,1.629468
15.72,1.618453
15.725,1.599792
15.73,1.58827
15.735,1.581994
15.74,1.582117
15.745,1.564742
15.75,1.539188
15.755,1.524236
15.76,1.509248
15.765,1.482553
15.77,1.460626
15.775,1.465507
15.78,1.476248
15.785,1.466588
15.79,1.45633
15.795,1.457188
15.8,1.449269
15.805,1.448342
15.81,1.429466
15.815,1.398418
15.82,1.391165
15.825,1.34974
15.83,1.324533
15.835,1.313864
15.84,1.293982
15.845,1.272923
15.85,1.284815
15.855,1.264376
15.86,1.254349
15.865,1.272582
15.87,1.269488
15.875,1.258882
15.88,1.23972
15.885,1.254444
15.89,1.220344
15.895,1.205225
15.9,1.213024
15.905,1.205435
15.91,1.163401
15.915,1.170126
15.92,1.187114
15.925,1.150873
15.93,1.165026
15.935,1.191724
15.94,1.193844
15.945,1.162856
15.95,1.139369
15.955,1.106762
15.96,1.069018
15.965,1.031901
15.97,1.028941
15.975,1.035122
15.98,1.046406
15.985,1.045185
15.99,1.045699
15.995,1.015008
16.0,1.025111
16.005,1.009174
16.01,0.983089
16.015,0.97456
16.02,0.968899
16.025,0.942265
16.03,0.938831
16.035,0.949535
16.04,0.963021
16.045,0.966398
16.05,0.956803
16.055,0.919102
16.06,0.911762
16.065,0.891479
16.07,0.865661
16.075,0.857806
16.08,0.876933
16.085,0.887558
16.09,0.853409
16.095,0.836139
16.1,0.809886
16.105,0.799846
16.11,0.778025
16.115,0.798205
16.12,0.827878
16.125,0.843022
16.13,0.848636
16.135,0.831401
16.14,0.803067
16.145,0.784196
16.15,0.751472
16.155,0.751499
16.16,0.765439
16.165,0.772766
16.17,0.765094
16.175,0.775213
16.18,0.738711
16.185,0.703891
16.19,0.682981
16.195,0.680879
16.2,0.667748
16.205,0.673403
16.21,0.664713
16.215,0.670382
16.22,0.661133
16.225,0.656888
16.23,0.634455
16.235,0.629116
16.24,0.612774
16.245,0.600837
16.25,0.598263
16.255,0.60174
16.26,0.603558
16.265,0.598817
16.27,0.591878
16.275,0.584397
16.28,0.575825
16.285,0.549768
16.29,0.541233
16.295,0.541976
16.3,0.537812
16.305,0.528202
16.31,0.5486
16.315,0.538485
16.32,0.511478
16.325,0.516581
16.33,0.513006
16.335,0.494183
16.34,0.512891
16.345,0.528351
16.35,0.512826
16.355,0.511439
16.36,0.508971
16.365,0.490775
16.37,0.476402
16.375,0.482046
16.38,0.474186
16.385,0.477129
16.39,0.468213
16.395,0.471716
16.4,0.463857
16.405,0.461429
16.41,0.447135
16.415,0.451716
16.42,0.440688
16.425,0.427505
16.43,0.422944
16.435,0.42483
16.44,0.410619
16.445,0.417337
16.45,0.412266
16.455,0.407197
16.46,0.396236
16.465,0.398679
16.47,0.383457
16.475,0.377348
16.48,0.365908
16.485,0.362477
16.49,0.355847
16.495,0.356159
16.5,0.355409
16.505,0.364781
16.51,0.366155
16.515,0.361158
16.52,0.348196
16.525,0.34745
16.53,0.337675
16.535,0.330031
16.54,0.334597
16.545,0.338121
16.55,0.335263
16.555,0.341936
16.56,0.329583
16.565,0.317224
16.57,0.324421
16.575,0.314723
16.58,0.305016
16.585,0.309067
16.59,0.313102
16.595,0.299209
16.6,0.297983
16.605,0.286232
16.61,0.281855
16.615,0.263821
16.62,0.262077
16.625,0.255615
16.63,0.2607
16.635,0.251112
16.64,0.245746
16.645,0.244011
16.65,0.248042
16.655,0.23847
16.66,0.245645
16.665,0.246049
16.67,0.236504
16.675,0.22175
16.68,0.226297
16.685,0.225101
16.69,0.233825
16.695,0.234734
16.7,0.238253
16.705,0.227714
16.71,0.216665
16.715,0.220151
16.72,0.216908
16.725,0.215743
16.73,0.206302
16.735,0.200494
16.74,0.195685
16.745,0.200213
16.75,0.190275
16.755,0.196375
16.76,0.204012
16.765,0.196139
16.77,0.183121
16.775,0.185601
16.78,0.184974
16.785,0.171994
16.79,0.168279
16.795,0.175887
16.8,0.171677
16.805,0.164897
16.81,0.164813
16.815,0.158558
16.82,0.149218
16.825,0.147593
16.83,0.14648
16.835,0.146396
16.84,0.15193
16.845,0.160008
16.85,0.158392
16.855,0.156776
16.86,0.163319
16.865,0.159141
16.87,0.141713
16.875,0.143669
16.88,0.146639
16.885,0.138913
16.89,0.134251
16.895,0.144339
16.9,0.142731
16.905,0.143655
16.91,0.140028
16.915,0.140458
16.92,0.131254
16.925,0.123585
16.93,0.118943
16.935,0.12039
16.94,0.115767
16.945,0.120242
16.95,0.121193
16.955,0.119602
16.96,0.119025
16.965,0.119968
16.97,0.112341
16.975,0.111777
16.98,0.112205
16.985,0.105605
16.99,0.102526
16.995,0.100462
17.0,0.101907
17.005,0.096821
17.01,0.095267
17.015,0.100214
17.02,0.104165
17.025,0.102102
17.03,0.096546
17.035,0.094002
17.04,0.087443
17.045,0.08339
17.05,0.080342
17.055,0.0798
17.06,0.083743
17.065,0.080705
17.07,0.081151
17.075,0.079612
17.08,0.078577
17.085,0.076044
17.09,0.076
17.095,0.072973
17.1,0.076398
17.105,0.074873
17.11,0.074335
17.115,0.071818
17.12,0.064853
17.125,0.059859
17.13,0.058836
17.135,0.054353
17.14,0.052837
17.145,0.061687
17.15,0.062634
17.155,0.064572
17.16,0.066511
17.165,0.068939
17.17,0.067415
17.175,0.064426
17.18,0.058989
17.185,0.060426
17.19,0.057936
17.195,0.054951
17.2,0.056388
17.205,0.061262
17.21,0.058777
17.215,0.060702
17.22,0.061155
17.225,0.056722
17.23,0.055711
17.235,0.056655
17.24,0.052718
17.245,0.052194
17.25,0.054605
17.255,0.051166
17.26,0.047727
17.265,0.045271
17.27,0.04232
17.275,0.042289
17.28,0.045664
17.285,0.047095
17.29,0.048531
17.295,0.047051
17.3,0.046052
17.305,0.044084
17.31,0.042605
17.315,0.04645
17.32,0.04208
17.325,0.040604
17.33,0.03913
17.335,0.038142
17.34,0.034253
17.345,0.03906
17.35,0.038073
17.355,0.039494
17.36,0.038512
17.365,0.03849
17.37,0.037986
17.375,0.038445
17.38,0.034101
17.385,0.036001
17.39,0.033104
17.395,0.030687
17.4,0.028751
17.405,0.028259
17.41,0.023933
17.415,0.026786
17.42,0.026293
17.425,0.026277
17.43,0.029126
17.435,0.030069
17.44,0.028618
17.445,0.026699
17.45,0.025255
17.455,0.021906
17.46,0.023793
17.465,0.021875
17.47,0.021392
17.475,0.022804
17.48,0.022793
17.485,0.020878
17.49,0.021813
17.495,0.024174
17.5,0.022738
17.505,0.0232
17.51,0.023186
17.515,0.023644
17.52,0.02363
17.525,0.026921
17.53,0.026437
17.535,0.023125
17.54,0.022167
17.545,0.022624
17.55,0.017898
17.555,0.020708
17.56,0.021644
17.565,0.017873
17.57,0.015042
17.575,0.014565
17.58,0.010795
17.585,0.014069
17.59,0.016876
17.595,0.017806
17.6,0.021074
17.605,0.021533
17.61,0.02105
17.615,0.021974
17.62,0.019164
17.625,0.017282
17.63,0.017739
17.635,0.015394
17.64,0.013984
17.645,0.01631
17.65,0.015834
17.655,0.016754
17.66,0.019998
17.665,0.020453
17.67,0.021374
17.675,0.021365
17.68,0.018106
17.685,0.015772
17.69,0.015299
17.695,0.014363
17.7,0.012966
17.705,0.014811
17.71,0.015725
17.715,0.015254
17.72,0.014323
17.725,0.014779
17.73,0.014309
17.735,0.012914
17.74,0.011525
17.745,0.01198
17.75,0.012893
17.755,0.013345
17.76,0.014255
17.765,0.018384
17.77,0.017918
17.775,0.018826
17.78,0.017442
17.785,0.01514
17.79,0.012835
17.795,0.013745
17.8,0.011904
17.805,0.01327
17.81,0.012808
17.815,0.011429
17.82,0.012791
17.825,0.013697
17.83,0.014599
17.835,0.015962
17.84,0.018689
17.845,0.015947
17.85,0.016393
17.855,0.015018
17.86,0.015464
17.865,0.01409
17.87,0.017716
17.875,0.015438
17.88,0.016791
17.885,0.017235
17.89,0.017679
17.895,0.014044
17.9,0.016302
17.905,0.013126
17.91,0.010857
17.915,0.010396
17.92,0.011295
17.925,0.010834
17.93,0.01624
17.935,0.01894
17.94,0.019831
17.945,0.020725
17.95,0.021166
17.955,0.017103
17.96,0.01799
17.965,0.019326
17.97,0.018868
17.975,0.017064
17.98,0.017058
17.985,0.015252
17.99,0.014342
17.995,0.013887
18.0,0.014329
18.005,0.015217
18.01,0.015655
18.015,0.016982
18.02,0.0201
18.025,0.021432
18.03,0.020532
18.035,0.020967
18.04,0.01917
18.045,0.01782
18.05,0.019145
18.055,0.02225
18.06,0.023572
18.065,0.025337
18.07,0.02577
18.075,0.0262
18.08,0.021752
18.085,0.016864
18.09,0.012862
18.095,0.01285
18.1,0.014162
18.105,0.017255
18.11,0.023439
18.115,0.026526
18.12,0.026072
18.125,0.024289
18.13,0.022956
18.135,0.021175
18.14,0.022923
18.145,0.024233
18.15,0.025979
18.155,0.02861
18.16,0.029915
18.165,0.026383
18.17,0.025052
18.175,0.024595
18.18,0.025019
18.185,0.024564
18.19,0.025431
18.195,0.025858
18.2,0.026716
18.205,0.026263
18.21,0.029307
18.215,0.031917
18.22,0.033215
18.225,0.033195
18.23,0.033617
18.235,0.033593
18.24,0.034011
18.245,0.034866
18.25,0.035282
18.255,0.037006
18.26,0.034809
18.265,0.03479
18.27,0.032601
18.275,0.032581
18.28,0.032561
18.285,0.03341
18.29,0.033391
18.295,0.034245
18.3,0.035523
18.305,0.035503
18.31,0.03678
18.315,0.037193
18.32,0.04236
18.325,0.041905
18.33,0.044042
18.335,0.042294
18.34,0.048306
18.345,0.04311
18.35,0.043088
18.355,0.045643
18.36,0.045194
18.365,0.044299
18.37,0.049438
18.375,0.050703
18.38,0.048097
18.385,0.052796
18.39,0.050191
18.395,0.048021
18.4,0.046712
18.405,0.050536
18.41,0.050506
18.415,0.051334
18.42,0.054729
18.425,0.053426
18.43,0.05083
18.435,0.049521
18.44,0.050344
18.445,0.047757
18.45,0.051996
18.455,0.053244
18.46,0.050666
18.465,0.04936
18.47,0.051035
18.475,0.048457
18.48,0.050971
18.485,0.053072
18.49,0.053045
18.495,0.052592
18.5,0.055534
18.505,0.052955
18.51,0.05716
18.515,0.057978
18.52,0.059218
18.525,0.061721
18.53,0.063378
18.535,0.064185
18.54,0.068371
18.545,0.067077
18.55,0.067039
18.555,0.068686
18.56,0.069069
18.565,0.065243
18.57,0.068578
18.575,0.068961
18.58,0.067661
18.585,0.067621
18.59,0.069688
18.595,0.073004
18.6,0.078831
18.605,0.078375
18.61,0.080846
18.615,0.078719
18.62,0.077838
18.625,0.072771
18.63,0.072317
18.635,0.072271
18.64,0.081001
18.645,0.083876
18.65,0.091336
18.655,0.097548
18.66,0.099583
18.665,0.096202
18.67,0.09532
18.675,0.094013
18.68,0.096039
18.685,0.099723
18.69,0.106317
18.695,0.110001
18.7,0.107872
18.705,0.105745
18.71,0.1032
18.715,0.099414
18.72,0.093153
18.725,0.098062
18.73,0.101729
18.735,0.107043
18.74,0.108642
18.745,0.117675
18.75,0.113489
18.755,0.116725
18.76,0.114598
18.765,0.120715
18.77,0.123119
18.775,0.128
18.78,0.120123
18.785,0.117597
18.79,0.117935
18.795,0.119915
18.8,0.12231
18.805,0.12595
18.81,0.138593
18.815,0.136882
18.82,0.129441
18.825,0.135912
18.83,0.138716
18.835,0.12678
18.84,0.12467
18.845,0.134
18.85,0.128608
18.855,0.133435
18.86,0.134193
18.865,0.140646
18.87,0.13853
18.875,0.142117
18.88,0.147731
18.885,0.158644
18.89,0.156533
18.895,0.155646
18.9,0.145825
18.905,0.147355
18.91,0.140782
18.915,0.149215
18.92,0.149142
18.925,0.162842
18.93,0.165577
18.935,0.174399
18.94,0.175111
18.945,0.185941
18.95,0.184637
18.955,0.182516
18.96,0.181213
18.965,0.182727
18.97,0.186654
18.975,0.192199
18.98,0.19009
18.985,0.192814
18.99,0.187488
18.995,0.179343
19.0,0.174822
19.005,0.175533
19.01,0.175436
19.015,0.181761
19.02,0.179669
19.025,0.184381
19.03,0.186689
19.035,0.192192
19.04,0.194086
19.045,0.20519
19.05,0.207082
19.055,0.222151
19.06,0.217252
19.065,0.215947
19.07,0.219819
19.075,0.220506
19.08,0.21559
19.085,0.227031
19.09,0.228516
19.095,0.222431
19.1,0.231854
19.105,0.225375
19.11,0.231994
19.115,0.239025
19.12,0.238522
19.125,0.230857
19.13,0.227976
19.135,0.22031
19.14,0.219392
19.145,0.23273
19.15,0.238148
19.155,0.253451
19.16,0.25609
19.165,0.265041
19.17,0.264901
19.175,0.27502
19.18,0.271727
19.185,0.270021
19.19,0.264363
19.195,0.270124
19.2,0.260139
19.205,0.271795
19.21,0.2862
19.215,0.287637
19.22,0.287091
19.225,0.303038
19.23,0.304836
19.235,0.310156
19.24,0.317067
19.245,0.316914
19.25,0.310876
19.255,0.308364
19.26,0.297637
19.265,0.296702
19.27,0.302014
19.275,0.308881
19.28,0.308331
19.285,0.315586
19.29,0.319719
19.295,0.322667
19.3,0.324051
19.305,0.330893
19.31,0.324894
19.315,0.318128
19.32,0.317566
19.325,0.322436
19.33,0.323036
19.335,0.329086
19.34,0.343666
19.345,0.352402
19.35,0.366149
19.355,0.373323
19.36,0.385915
19.365,0.395009
19.37,0.396747
19.375,0.385713
19.38,0.390534
19.385,0.399976
19.39,0.393989
19.395,0.399956
19.4,0.402071
19.405,0.407252
19.41,0.385485
19.415,0.40106
19.42,0.405843
19.425,0.413325
19.43,0.413873
19.435,0.435576
19.44,0.416938
19.445,0.41633
19.45,0.413429
19.455,0.420483
19.46,0.427149
19.465,0.455275
19.47,0.457346
19.475,0.467834
19.48,0.459192
19.485,0.45208
19.49,0.448394
19.495,0.440538
19.5,0.442588
19.505,0.451895
19.51,0.458527
19.515,0.454478
19.52,0.463779
19.525,0.463537
19.53,0.462916
19.535,0.475211
19.54,0.496616
19.545,0.505111
19.55,0.503731
19.555,0.504251
19.56,0.503602
19.565,0.499908
19.57,0.507224
19.575,0.522116
19.58,0.53284
19.585,0.536729
19.59,0.536829
19.595,0.538068
19.6,0.540434
19.605,0.546577
19.61,0.552707
19.615,0.54791
19.62,0.547636
19.625,0.546979
19.63,0.548201
19.635,0.550541
19.64,0.561173
19.645,0.567285
19.65,0.574888
19.655,0.579481
19.66,0.577308
19.665,0.577766
19.67,0.574482
19.675,0.583169
19.68,0.586616
19.685,0.58969
19.69,0.610333
19.695,0.623505
19.7,0.620945
19.705,0.621387
19.71,0.624445
19.715,0.615525
19.72,0.629003
19.725,0.649924
19.73,0.654831
19.735,0.668294
19.74,0.67504
19.745,0.676925
19.75,0.663182
19.755,0.679949
19.76,0.677382
19.765,0.688546
19.77,0.686712
19.775,0.67934
19.78,0.666756
19.785,0.668644
19.79,0.666799
19.795,0.674221
19.8,0.67354
19.805,0.678756
19.81,0.691714
19.815,0.698737
19.82,0.695053
19.825,0.712445
19.83,0.726111
19.835,0.725373
19.84,0.718368
19.845,0.713966
19.85,0.719867
19.855,0.713611
19.86,0.718388
19.865,0.730516
19.87,0.748897
19.875,0.752566
19.88,0.758443
19.885,0.773092
19.89,0.770505
19.895,0.775244
19.9,0.778894
19.905,0.783278
19.91,0.787616
19.915,0.794543
19.92,0.79597
19.925,0.806173
19.93,0.811264
19.935,0.810109
19.94,0.821375
19.945,0.820244
19.95,0.816921
19.955,0.82053
19.96,0.828112
19.965,0.810595
19.97,0.808742
19.975,0.813427
19.98,0.80903
19.985,0.799154
19.99,0.81183
19.995,0.825937
20.0,0.831323
20.005,0.842521
20.01,0.861653
20.015,0.876797
20.02,0.872029
20.025,0.881002
20.03,0.895395
20.035,0.873989
20.04,0.864876
20.045,0.875282
20.05,0.863659
20.055,0.862123
20.06,0.887288
20.065,0.89118
20.07,0.889659
20.075,0.905786
20.08,0.917199
20.085,0.914213
20.09,0.934246
20.095,0.951755
20.1,0.950222
20.105,0.945083
20.11,0.947487
20.115,0.943778
20.12,0.942581
20.125,0.96217
20.13,0.957056
20.135,0.946577
20.14,0.940383
20.145,0.947764
20.15,0.933699
20.155,0.946093
20.16,0.95742
20.165,0.966584
20.17,0.969652
20.175,0.965626
20.18,0.960162
20.185,0.973211
20.19,0.974863
20.195,0.964766
20.2,0.992018
20.205,1.008593
20.21,0.995317
20.215,0.997314
20.22,0.997902
20.225,0.991003
20.23,0.988371
20.235,1.011267
20.24,1.011838
20.245,1.015252
20.25,1.014041
20.255,1.023433
20.26,1.033856
20.265,1.026307
20.27,1.038169
20.275,1.043664
20.28,1.042436
20.285,1.021457
20.29,1.046335
20.295,1.042303
20.3,1.029128
20.305,1.031773
20.31,1.041818
20.315,1.041989
20.32,1.057985
20.325,1.072242
20.33,1.07873
20.335,1.095035
20.34,1.081891
20.345,1.066992
20.35,1.081179
20.355,1.084836
20.36,1.0605
20.365,1.085513
20.37,1.07977
20.375,1.052687
20.38,1.037132
20.385,1.049887
20.39,1.045144
20.395,1.062078
20.4,1.092943
20.405,1.093477
20.41,1.104082
20.415,1.100405
20.42,1.110303
20.425,1.109747
20.43,1.120696
20.435,1.126736
20.44,1.127933
20.445,1.132581
20.45,1.11851
20.455,1.12698
20.46,1.108059
20.465,1.119632
20.47,1.107999
20.475,1.106788
20.48,1.091717
20.485,1.100866
20.49,1.096156
20.495,1.108734
20.5,1.126843
20.505,1.134253
20.51,1.125783
20.515,1.116274
20.52,1.109512
20.525,1.087966
20.53,1.090524
20.535,1.108563
20.54,1.115246
20.545,1.109547
20.55,1.12483
20.555,1.117083
20.56,1.108973
20.565,1.119736
20.57,1.140442
20.575,1.145378
20.58,1.151015
20.585,1.133366
20.59,1.121169
20.595,1.10555
20.6,1.109437
20.605,1.09661
20.61,1.097473
20.615,1.09045
20.62,1.085133
20.625,1.078097
20.63,1.095303
20.635,1.107394
20.64,1.115035
20.645,1.124366
20.65,1.117703
20.655,1.114101
20.66,1.114927
20.665,1.113026
20.67,1.10501
20.675,1.10889
20.68,1.120895
20.685,1.134589
20.69,1.143871
20.695,1.161614
20.7,1.17427
20.705,1.175397
20.71,1.161651
20.715,1.153998
20.72,1.135192
20.725,1.131251
20.73,1.109097
20.735,1.115645
20.74,1.088147
20.745,1.100754
20.75,1.099188
20.755,1.123575
20.76,1.112266
20.765,1.133307
20.77,1.129724
20.775,1.125142
20.78,1.113495
20.785,1.127067
20.79,1.135263
20.795,1.139071
20.8,1.139871
20.805,1.121247
20.81,1.105298
20.815,1.094051
20.82,1.077776
20.825,1.066205
20.83,1.089094
20.835,1.079566
20.84,1.088396
20.845,1.079538
20.85,1.08536
20.855,1.064814
20.86,1.073652
20.865,1.068122
20.87,1.082269
20.875,1.077751
20.88,1.071598
20.885,1.066436
20.89,1.046318
20.895,1.042468
20.9,1.047926
20.905,1.055069
20.91,1.068496
20.915,1.087905
20.92,1.086061
20.925,1.094141
20.93,1.089007
20.935,1.079879
20.94,1.069774
20.945,1.060008
20.95,1.046252
20.955,1.044112
20.96,1.042617
20.965,1.057623
20.97,1.048891
20.975,1.060569
20.98,1.061074
20.985,1.06913
20.99,1.052151
20.995,1.056943
21.0,1.02978
21.005,1.027653
21.01,1.020237
21.015,1.029596
21.02,1.034037
21.025,1.03225
21.03,1.049798
21.035,1.048314
21.04,1.054025
21.045,1.041098
21.05,1.03932
21.055,1.018855
21.06,1.018357
21.065,0.996275
21.07,1.012795
21.075,1.013635
21.08,1.025887
21.085,1.018543
21.09,1.021007
21.095,1.019532
21.1,1.013205
21.105,0.998388
21.11,0.981321
21.115,0.984097
21.12,0.964756
21.125,0.971775
21.13,0.982351
21.135,0.983536
21.14,0.974946
21.145,0.986818
21.15,0.981167
21.155,0.956064
21.16,0.957566
21.165,0.958724
21.17,0.953075
21.175,0.949712
21.18,0.932805
21.185,0.926549
21.19,0.9093
21.195,0.897545
21.2,0.88807
21.205,0.891874
21.21,0.899502
21.215,0.90681
21.22,0.907987
21.225,0.902417
21.23,0.912634
21.235,0.900938
21.24,0.894717
21.245,0.90199
21.25,0.906397
21.255,0.910148
21.26,0.905883
21.265,0.914757
21.27,0.895722
21.275,0.879611
21.28,0.871821
21.285,0.866936
21.29,0.856579
21.295,0.859369
21.3,0.874325
21.305,0.879026
21.31,0.876397
21.315,0.866727
21.32,0.862168
21.325,0.850279
21.33,0.831699
21.335,0.840228
21.34,0.840788
21.345,0.827661
21.35,0.816144
21.355,0.81704
21.36,0.807419
21.365,0.790828
21.37,0.793632
21.375,0.80057
21.38,0.797973
21.385,0.782375
21.39,0.782652
21.395,0.776258
21.4,0.758475
21.405,0.737224
21.41,0.738457
21.415,0.733992
21.42,0.730787
21.425,0.732033
21.43,0.743391
21.435,0.740202
21.44,0.735441
21.445,0.725317
21.45,0.737584
21.455,0.74448
21.46,0.733121
21.465,0.732787
21.47,0.737489
21.475,0.720781
21.48,0.705338
21.485,0.711304
21.49,0.707204
21.495,0.697766
21.5,0.683644
21.505,0.682377
21.51,0.683615
21.515,0.684857
21.52,0.682975
21.525,0.684561
21.53,0.678297
21.535,0.658899
21.54,0.65951
21.545,0.654201
21.55,0.663895
21.555,0.649235
21.56,0.651444
21.565,0.639584
21.57,0.641465
21.575,0.624333
21.58,0.628105
21.585,0.629681
21.59,0.619431
21.595,0.610113
21.6,0.615118
21.605,0.616699
21.61,0.616095
21.615,0.626679
21.62,0.632599
21.625,0.640061
21.63,0.636677
21.635,0.628642
21.64,0.60977
21.645,0.596171
21.65,0.571744
21.655,0.573012
21.66,0.562234
21.665,0.563213
21.67,0.556467
21.675,0.559613
21.68,0.551315
21.685,0.551067
21.69,0.546495
21.695,0.540088
21.7,0.535523
21.705,0.526647
21.71,0.517173
21.715,0.516927
21.72,0.520688
21.725,0.524744
21.73,0.522048
21.735,0.529494
21.74,0.518514
21.745,0.513367
21.75,0.50576
21.755,0.515022
21.76,0.506513
21.765,0.502315
21.77,0.509427
21.775,0.504605
21.78,0.484794
21.785,0.491902
21.79,0.496882
21.795,0.484735
21.8,0.480241
21.805,0.48552
21.81,0.478882
21.815,0.476224
21.82,0.471135
21.825,0.464226
21.83,0.456706
21.835,0.445841
21.84,0.449273
21.845,0.453624
21.85,0.448265
21.855,0.44533
21.86,0.451806
21.865,0.439455
21.87,0.433178
21.875,0.43572
21.88,0.438854
21.885,0.420785
21.89,0.414843
21.895,0.416759
21.9,0.41415
21.905,0.407905
21.91,0.413774
21.915,0.406651
21.92,0.388646
21.925,0.385145
21.93,0.383148
21.935,0.378143
21.94,0.377678
21.945,0.378718
21.95,0.379144
21.955,0.37475
21.96,0.376982
21.965,0.370209
21.97,0.369443
21.975,0.361761
21.98,0.358587
21.985,0.352711
21.99,0.355561
21.995,0.350903
22.0,0.34116
22.005,0.339497
22.01,0.34023
22.015,0.336787
22.02,0.336335
22.025,0.343369
22.03,0.334545
22.035,0.320348
22.04,0.312443
22.045,0.311993
22.05,0.309455
22.055,0.300969
22.06,0.303814
22.065,0.30458
22.07,0.298179
22.075,0.295058
22.08,0.304747
22.085,0.313821
22.09,0.31488
22.095,0.315338
22.1,0.306888
22.105,0.296954
22.11,0.281671
22.115,0.278871
22.12,0.272513
22.125,0.271208
22.13,0.269606
22.135,0.270665
22.14,0.266399
22.145,0.263321
22.15,0.265863
22.155,0.269584
22.16,0.262962
22.165,0.268748
22.17,0.270993
22.175,0.262025
22.18,0.253354
22.185,0.249413
22.19,0.24163
22.195,0.235919
22.2,0.239934
22.205,0.235711
22.21,0.233551
22.215,0.230209
22.22,0.229515
22.225,0.227349
22.23,0.224318
22.235,0.230964
22.24,0.23555
22.245,0.233101
22.25,0.231237
22.255,0.234659
22.26,0.225477
22.265,0.217761
22.27,0.214154
22.275,0.200612
22.28,0.196718
22.285,0.192539
22.29,0.193902
22.295,0.196727
22.3,0.208315
22.305,0.212305
22.31,0.217174
22.315,0.213582
22.32,0.209119
22.325,0.199132
22.33,0.198453
22.335,0.192547
22.34,0.192166
22.345,0.187433
22.35,0.192001
22.355,0.179722
22.36,0.177612
22.365,0.170277
22.37,0.167013
22.375,0.164322
22.38,0.169752
22.385,0.165626
22.39,0.164686
22.395,0.167507
22.4,0.16396
22.405,0.156949
22.41,0.161212
22.415,0.162295
22.42,0.16395
22.425,0.161861
22.43,0.16266
22.435,0.156536
22.44,0.15272
22.445,0.140267
22.45,0.139625
22.455,0.140421
22.46,0.142083
22.465,0.143168
22.47,0.147135
22.475,0.151949
22.48,0.151594
22.485,0.149808
22.49,0.148594
22.495,0.147101
22.5,0.134999
22.505,0.132642
22.51,0.130863
22.515,0.124794
22.52,0.125594
22.525,0.130974
22.53,0.126057
22.535,0.124857
22.54,0.126233
22.545,0.126459
22.55,0.120982
22.555,0.120076
22.56,0.115464
22.565,0.114556
22.57,0.110228
22.575,0.109042
22.58,0.112404
22.585,0.115202
22.59,0.112878
22.595,0.113964
22.6,0.115905
22.605,0.114146
22.61,0.116647
22.615,0.116601
22.62,0.114565
22.625,0.113099
22.63,0.114745
22.635,0.109596
22.64,0.108418
22.645,0.105826
22.65,0.100128
22.655,0.090469
22.66,0.0924
22.665,0.091792
22.67,0.092879
22.675,0.095664
22.68,0.099293
22.685,0.094455
22.69,0.095539
22.695,0.095213
22.7,0.094048
22.705,0.095692
22.71,0.097621
22.715,0.097015
22.72,0.097253
22.725,0.099741
22.73,0.096328
22.735,0.096846
22.74,0.094841
22.745,0.092555
22.75,0.091111
22.755,0.093032
22.76,0.089351
22.765,0.092389
22.77,0.090393
22.775,0.093986
22.78,0.092826
22.785,0.09642
22.79,0.092188
22.795,0.094944
22.8,0.091829
22.805,0.090673
22.81,0.087008
22.815,0.087529
22.82,0.083869
22.825,0.079376
22.83,0.083511
22.835,0.083475
22.84,0.083438
22.845,0.083684
22.85,0.087262
22.855,0.08333
22.86,0.084959
22.865,0.084645
22.87,0.08877
22.875,0.088731
22.88,0.087031
22.885,0.085885
22.89,0.086126
22.895,0.084424
22.9,0.085768
22.905,0.089049
22.91,0.089013
22.915,0.090633
22.92,0.091975
22.925,0.089175
22.93,0.090236
22.935,0.091854
22.94,0.09567
22.945,0.096455
22.95,0.098622
22.955,0.099128
22.96,0.097989
22.965,0.093817
22.97,0.091027
22.975,0.095381
22.98,0.09012
22.985,0.090906
22.99,0.092238
22.995,0.09138
23.0,0.084753
23.005,0.086637
23.01,0.087694
23.015,0.088472
23.02,0.093089
23.025,0.098249
23.03,0.103132
23.035,0.103637
23.04,0.104686
23.045,0.1
23.05,0.101319
23.055,0.102362
23.06,0.104773
23.065,0.105817
23.07,0.111503
23.075,0.107642
23.08,0.105959
23.085,0.10564
23.09,0.104776
23.095,0.105816
23.1,0.109579
23.105,0.111162
23.11,0.113016
23.115,0.113512
23.12,0.121057
23.125,0.119924
23.13,0.122042
23.135,0.12145
23.14,0.123298
23.145,0.116738
23.15,0.120749
23.155,0.118261
23.16,0.124428
23.165,0.124917
23.17,0.129457
23.175,0.130752
23.18,0.132322
23.185,0.131181
23.19,0.132477
23.195,0.128913
23.2,0.13128
23.205,0.135535
23.21,0.131977
23.215,0.135419
23.22,0.135635
23.225,0.137722
23.23,0.140347
23.235,0.147546
23.24,0.149631
23.245,0.159236
23.25,0.156487
23.255,0.156689
23.26,0.155013
23.265,0.15334
23.27,0.152998
23.275,0.155881
23.28,0.158756
23.285,0.162168
23.29,0.171459
23.295,0.178867
23.3,0.176663
23.305,0.172586
23.31,0.172515
23.315,0.166565
23.32,0.160611
23.325,0.169609
23.33,0.182595
23.335,0.19344
23.34,0.198959
23.345,0.206065
23.35,0.207047
23.355,0.204031
23.36,0.198358
23.365,0.200401
23.37,0.199779
23.375,0.201022
23.38,0.210484
23.385,0.214644
23.39,0.217738
23.395,0.218972
23.4,0.225505
23.405,0.220107
23.41,0.228217
23.415,0.233677
23.42,0.237021
23.425,0.229523
23.43,0.234183
23.435,0.245954
23.44,0.250335
23.445,0.248653
23.45,0.261224
23.455,0.265863
23.46,0.26178
23.465,0.260876
23.47,0.269466
23.475,0.272512
23.48,0.275028
23.485,0.269122
23.49,0.276892
23.495,0.286758
23.5,0.288217
23.505,0.28941
23.51,0.294807
23.515,0.294417
23.52,0.293234
23.525,0.306474
23.53,0.319968
23.535,0.318537
23.54,0.329137
23.545,0.329528
23.55,0.323891
23.555,0.322435
23.56,0.334069
23.565,0.324782
23.57,0.33848
23.575,0.347735
23.58,0.353064
23.585,0.364127
23.59,0.3752
23.595,0.375039
23.6,0.382953
23.605,0.383575
23.61,0.387569
23.615,0.401195
23.62,0.419484
23.625,0.420611
23.63,0.432395
23.635,0.43741
23.64,0.437488
23.645,0.434178
23.65,0.448
23.655,0.466471
23.66,0.467321
23.665,0.475682
23.67,0.477043
23.675,0.479685
23.68,0.46576
23.685,0.467382
23.69,0.479324
23.695,0.496946
23.7,0.50603
23.705,0.514093
23.71,0.529891
23.715,0.536112
23.72,0.52712
23.725,0.535907
23.73,0.550887
23.735,0.546804
23.74,0.542452
23.745,0.55741
23.75,0.554337
23.755,0.564116
23.76,0.571862
23.765,0.581133
23.77,0.583455
23.775,0.588089
23.78,0.583213
23.785,0.605021
23.79,0.60708
23.795,0.617074
23.8,0.630391
23.805,0.640629
23.81,0.636261
23.815,0.652626
23.82,0.655168
23.825,0.668173
23.83,0.677858
23.835,0.695199
23.84,0.701292
23.845,0.710452
23.85,0.701994
23.855,0.711128
23.86,0.70726
23.865,0.715618
23.87,0.719142
23.875,0.749886
23.88,0.772202
23.885,0.785884
23.89,0.791412
23.895,0.805585
23.9,0.802191
23.905,0.795238
23.91,0.807088
23.915,0.820704
23.92,0.824429
23.925,0.838778
23.93,0.846284
23.935,0.862892
23.94,0.86178
23.945,0.87535
23.95,0.883573
23.955,0.894332
23.96,0.901022
23.965,0.916069
23.97,0.928069
23.975,0.929195
23.98,0.93411
23.985,0.934219
23.99,0.944417
23.995,0.951078
24.0,0.962015
24.005,0.96691
24.01,0.980347
24.015,1.006339
24.02,1.02428
24.025,1.031403
24.03,1.051341
24.035,1.062463
24.04,1.056237
24.045,1.068837
24.05,1.070165
24.055,1.088516
24.06,1.107356
24.065,1.122184
24.07,1.126723
24.075,1.144054
24.08,1.137076
24.085,1.146339
24.09,1.161605
24.095,1.18011
24.1,1.20261
24.105,1.220112
24.11,1.23233
24.115,1.238058
24.12,1.244025
24.125,1.252981
24.13,1.261944
24.135,1.262662
24.14,1.258166
24.145,1.264108
24.15,1.277998
24.155,1.282699
24.16,1.3008
24.165,1.303274
24.17,1.323832
24.175,1.312609
24.18,1.347047
24.185,1.344995
24.19,1.396762
24.195,1.393708
24.2,1.428081
24.205,1.421794
24.21,1.443248
24.215,1.440159
24.22,1.448239
24.225,1.441954
24.23,1.462609
24.235,1.457068
24.24,1.464355
24.245,1.499531
24.25,1.517432
24.255,1.516068
24.26,1.546022
24.265,1.561403
24.27,1.576989
24.275,1.594816
24.28,1.614115
24.285,1.617396
24.29,1.605438
24.295,1.599099
24.3,1.593773
24.305,1.590904
24.31,1.599077
24.315,1.637683
24.32,1.656126
24.325,1.668217
24.33,1.682994
24.335,1.706556
24.34,1.701688
24.345,1.70391
24.35,1.737224
24.355,1.752673
24.36,1.746331
24.365,1.783487
24.37,1.793756
24.375,1.785206
24.38,1.802785
24.385,1.820607
24.39,1.808867
24.395,1.816413
24.4,1.831518
24.405,1.846834
24.41,1.856796
24.415,1.867479
24.42,1.893227
24.425,1.912644
24.43,1.931784
24.435,1.937333
24.44,1.964477
24.445,1.975562
24.45,1.979135
24.455,1.998195
24.46,2.020684
24.465,2.034152
24.47,2.021946
24.475,2.034459
24.48,2.024652
24.485,2.050433
24.49,2.042331
24.495,2.075118
24.5,2.096516
24.505,2.114512
24.51,2.111228
24.515,2.131383
24.52,2.150049
24.525,2.146773
24.53,2.172887
24.535,2.158777
24.54,2.154775
24.545,2.139192
24.55,2.178506
24.555,2.177823
24.56,2.2253
24.565,2.235007
24.57,2.256952
24.575,2.233929
24.58,2.229169
24.585,2.232796
24.59,2.259967
24.595,2.269838
24.6,2.282604
24.605,2.314981
24.61,2.323859
24.615,2.336322
24.62,2.342565
24.625,2.364124
24.63,2.331602
24.635,2.335188
24.64,2.330645
24.645,2.339009
24.65,2.368593
24.655,2.417056
24.66,2.442083
24.665,2.459482
24.67,2.454472
24.675,2.462266
24.68,2.457928
24.685,2.466674
24.69,2.477818
24.695,2.502068
24.7,2.468718
24.705,2.476274
24.71,2.46575
24.715,2.481595
24.72,2.480123
24.725,2.482955
24.73,2.469855
24.735,2.482121
24.74,2.476109
24.745,2.478431
24.75,2.504918
24.755,2.535875
24.76,2.524915
24.765,2.530982
24.77,2.575827
24.775,2.601025
24.78,2.602579
24.785,2.63556
24.79,2.654342
24.795,2.66599
24.8,2.676235
24.805,2.693097
24.81,2.71511
24.815,2.732638
24.82,2.741649
24.825,2.75938
24.83,2.783463
24.835,2.784231
24.84,2.776075
24.845,2.769077
24.85,2.76044
24.855,2.745468
24.86,2.744589
24.865,2.747017
24.87,2.755751
24.875,2.761207
24.88,2.786812
24.885,2.784063
24.89,2.807543
24.895,2.802907
24.9,2.810678
24.905,2.833374
24.91,2.870356
24.915,2.876458
24.92,2.890516
24.925,2.878884
24.93,2.846436
24.935,2.830802
24.94,2.828952
24.945,2.837128
24.95,2.863972
24.955,2.878912
24.96,2.885681
24.965,2.88942
24.97,2.895935
24.975,2.892685
24.98,2.879451
24.985,2.876437
24.99,2.876214
24.995,2.865992
25.0,2.8834
25.005,2.889232
25.01,2.908943
25.015,2.925634
25.02,2.936065
25.025,2.918907
25.03,2.930268
25.035,2.939953
25.04,2.931603
25.045,2.950081
25.05,2.970651
25.055,2.987509
25.06,2.980532
25.065,2.986522
25.07,2.97632
25.075,2.956916
25.08,2.949734
25.085,2.966054
25.09,2.980771
25.095,2.98235
25.1,2.998922
25.105,3.014541
25.11,2.975608
25.115,2.975324
25.12,2.972071
25.125,2.982604
25.13,2.977039
25.135,3.025465
25.14,3.019905
25.145,3.026524
25.15,3.023032
25.155,3.025507
25.16,3.009382
25.165,3.018724
25.17,2.995565
25.175,3.00604
25.18,3.000957
25.185,3.00661
25.19,3.004489
25.195,3.031212
25.2,3.030228
25.205,3.044792
25.21,3.037417
25.215,3.044426
25.22,3.064203
25.225,3.065273
25.23,3.047435
25.235,3.027111
25.24,3.020662
25.245,3.018748
25.25,3.034821
25.255,3.037966
25.26,3.062484
25.265,3.07673
25.27,3.0503
25.275,3.018421
25.28,3.0304
25.285,3.028288
25.29,3.004165
25.295,3.015001
25.3,3.023339
25.305,3.00108
25.31,2.996032
25.315,2.99689
25.32,2.977378
25.325,2.963754
25.33,2.970958
25.335,2.962993
25.34,2.947137
25.345,2.977356
25.35,3.00417
25.355,3.007059
25.36,3.007465
25.365,3.01308
25.37,2.998351
25.375,2.970116
25.38,2.97862
25.385,2.963049
25.39,2.973138
25.395,2.955993
25.4,2.962476
25.405,2.958141
25.41,2.985519
25.415,2.974244
25.42,2.990822
25.425,3.006923
25.43,2.998792
25.435,2.991548
25.44,2.993309
25.445,2.981157
25.45,2.960706
25.455,2.960885
25.46,2.952998
25.465,2.93597
25.47,2.924759
25.475,2.898131
25.48,2.879549
25.485,2.860754
25.49,2.869676
25.495,2.866314
25.5,2.88104
25.505,2.868771
25.51,2.862301
25.515,2.849584
25.52,2.839556
25.525,2.83375
25.53,2.845329
25.535,2.840663
25.54,2.854446
25.545,2.864897
25.55,2.869551
25.555,2.859548
25.56,2.881087
25.565,2.868637
25.57,2.868624
25.575,2.867939
25.58,2.873042
25.585,2.849753
25.59,2.832259
25.595,2.815203
25.6,2.777794
25.605,2.759877
25.61,2.754805
25.615,2.743565
25.62,2.719286
25.625,2.751133
25.63,2.75646
25.635,2.746332
25.64,2.746824
25.645,2.768934
25.65,2.738511
25.655,2.720466
25.66,2.716542
25.665,2.718132
25.67,2.711331
25.675,2.712257
25.68,2.703735
25.685,2.705759
25.69,2.701849
25.695,2.672674
25.7,2.647693
25.705,2.629109
25.71,2.615113
25.715,2.579205
25.72,2.590689
25.725,2.567338
25.73,2.572478
25.735,2.54715
25.74,2.54727
25.745,2.54274
25.75,2.546812
25.755,2.53204
25.76,2.524726
25.765,2.53642
25.77,2.516843
25.775,2.518279
25.78,2.514689
25.785,2.515907
25.79,2.487227
25.795,2.477748
25.8,2.48593
25.805,2.480611
25.81,2.460059
25.815,2.467605
25.82,2.459684
25.825,2.44805
25.83,2.448401
25.835,2.453561
25.84,2.439362
25.845,2.413021
25.85,2.4151
25.855,2.404387
25.86,2.398469
25.865,2.378689
25.87,2.383645
25.875,2.365792
25.88,2.360099
25.885,2.345979
25.89,2.346175
25.895,2.344408
25.9,2.315168
25.905,2.29005
25.91,2.288511
25.915,2.277047
25.92,2.267733
25.925,2.270963
25.93,2.267721
25.935,2.256917
25.94,2.247652
25.945,2.238372
25.95,2.227163
25.955,2.214033
25.96,2.197676
25.965,2.195327
25.97,2.196402
25.975,2.179863
25.98,2.165923
25.985,2.162727
25.99,2.16103
25.995,2.118757
26.0,2.102066
26.005,2.110477
26.01,2.083717
26.015,2.071529
26.02,2.083812
26.025,2.087522
26.03,2.075356
26.035,2.080785
26.04,2.072705
26.045,2.037489
26.05,2.041611
26.055,2.027355
26.06,2.003086
26.065,1.983299
26.07,1.993444
26.075,1.984328
26.08,1.970126
26.085,1.973864
26.09,1.961819
26.095,1.957872
26.1,1.937722
26.105,1.945701
26.11,1.926454
26.115,1.915093
26.12,1.889909
26.125,1.869198
26.13,1.829578
26.135,1.825687
26.14,1.830496
26.145,1.803922
26.15,1.800464
26.155,1.807199
26.16,1.798874
26.165,1.781637
26.17,1.80301
26.175,1.782423
26.18,1.765439
26.185,1.7637
26.19,1.757943
26.195,1.734438
26.2,1.720687
26.205,1.727205
26.21,1.707109
26.215,1.70496
26.22,1.712546
26.225,1.69695
26.23,1.675835
26.235,1.672036
26.24,1.643994
26.245,1.623764
26.25,1.621062
26.255,1.609071
26.26,1.587625
26.265,1.587222
26.27,1.585137
26.275,1.579925
26.28,1.557062
26.285,1.577458
26.29,1.56405
26.295,1.541422
26.3,1.520088
26.305,1.510512
26.31,1.48077
26.315,1.483324
26.32,1.480875
26.325,1.485774
26.33,1.495266
26.335,1.484033
26.34,1.460664
26.345,1.438795
26.35,1.432189
26.355,1.426824
26.36,1.426067
26.365,1.412797
26.37,1.417283
26.375,1.402156
26.38,1.389519
26.385,1.363563
26.39,1.35534
26.395,1.34191
26.4,1.335786
26.405,1.319036
26.41,1.328933
26.415,1.326351
26.42,1.323981
26.425,1.317671
26.43,1.322364
26.435,1.290518
26.44,1.275708
26.445,1.259041
26.45,1.258973
26.455,1.235678
26.46,1.232946
26.465,1.237237
26.47,1.228288
26.475,1.210637
26.48,1.200664
26.485,1.201042
26.49,1.179282
26.495,1.168508
26.5,1.158355
26.505,1.165756
26.51,1.1618
26.515,1.158889
26.52,1.154958
26.525,1.144225
26.53,1.117607
26.535,1.106458
26.54,1.095117
26.545,1.085028
26.55,1.083797
26.555,1.080102
26.56,1.064678
26.565,1.065091
26.57,1.052164
26.575,1.041493
26.58,1.037402
26.585,1.025933
26.59,1.00235
26.595,0.990701
26.6,0.981504
26.605,0.970258
26.61,0.960675
26.615,0.961948
26.62,0.959754
26.625,0.958773
26.63,0.949818
26.635,0.95519
26.64,0.947264
26.645,0.956516
26.65,0.942268
26.655,0.945999
26.66,0.939926
26.665,0.938352
26.67,0.929018
26.675,0.919917
26.68,0.907135
26.685,0.905361
26.69,0.887915
26.695,0.87475
26.7,0.870158
26.705,0.857219
26.71,0.838786
26.715,0.83969
26.72,0.831042
26.725,0.823624
26.73,0.81459
26.735,0.810019
26.74,0.803619
26.745,0.805747
26.75,0.805854
26.755,0.802524
26.76,0.797161
26.765,0.785522
26.77,0.768015
26.775,0.751132
26.78,0.731034
26.785,0.713362
26.79,0.704191
26.795,0.70452
26.8,0.710109
26.805,0.716723
26.81,0.721508
26.815,0.71721
26.82,0.704839
26.825,0.688846
26.83,0.68194
26.835,0.671606
26.84,0.656656
26.845,0.64594
26.85,0.638252
26.855,0.627149
26.86,0.625093
26.865,0.631294
26.87,0.62604
26.875,0.616172
26.88,0.610729
26.885,0.605471
26.89,0.595806
26.895,0.588367
26.9,0.59156
26.905,0.591546
26.91,0.577697
26.915,0.571871
26.92,0.56826
26.925,0.560441
26.93,0.561626
26.935,0.564217
26.94,0.557013
26.945,0.552817
26.95,0.551215
26.955,0.53683
26.96,0.528439
26.965,0.515679
26.97,0.5107
26.975,0.498344
26.98,0.50413
26.985,0.492584
26.99,0.492012
26.995,0.495409
27.0,0.49364
27.005,0.48489
27.01,0.480939
27.015,0.475601
27.02,0.463295
27.025,0.458356
27.03,0.454997
27.035,0.454631
27.04,0.452883
27.045,0.443397
27.05,0.442043
27.055,0.440083
27.06,0.435758
27.065,0.426692
27.07,0.429905
27.075,0.420248
27.08,0.409397
27.085,0.411808
27.09,0.41463
27.095,0.410129
27.1,0.413735
27.105,0.403713
27.11,0.393095
27.115,0.392356
27.12,0.392406
27.125,0.389495
27.13,0.393497
27.135,0.388628
27.14,0.388286
27.145,0.380464
27.15,0.363795
27.155,0.35677
27.16,0.353295
27.165,0.347059
27.17,0.344569
27.175,0.347202
27.18,0.34511
27.185,0.341648
27.19,0.340534
27.195,0.338053
27.2,0.337933
27.205,0.333302
27.21,0.332398
27.215,0.316605
27.22,0.318634
27.225,0.319297
27.23,0.320354
27.235,0.315934
27.24,0.322672
27.245,0.318833
27.25,0.312659
27.255,0.31176
27.26,0.319649
27.265,0.309002
27.27,0.309857
27.275,0.315595
27.28,0.310217
27.285,0.302496
27.29,0.311163
27.295,0.299948
27.3,0.295159
27.305,0.294663
27.31,0.293386
27.315,0.285308
27.32,0.285012
27.325,0.283348
27.33,0.286154
27.335,0.289927
27.34,0.293323
27.345,0.28915
27.35,0.295052
27.355,0.286803
27.36,0.285719
27.365,0.285424
27.37,0.290944
27.375,0.27941
27.38,0.284924
27.385,0.283457
27.39,0.283936
27.395,0.284993
27.4,0.288951
27.405,0.287301
27.41,0.288156
27.415,0.287668
27.42,0.287757
27.425,0.294014
27.43,0.295068
27.435,0.289947
27.44,0.292735
27.445,0.294171
27.45,0.292131
27.455,0.294527
27.46,0.301924
27.465,0.299896
27.47,0.299789
27.475,0.296796
27.48,0.293423
27.485,0.295995
27.49,0.298004
27.495,0.293485
27.5,0.289353
27.505,0.294617
27.51,0.284725
27.515,0.286726
27.52,0.292755
27.525,0.302608
27.53,0.302879
27.535,0.307558
27.54,0.310699
27.545,0.310016
27.55,0.303978
27.555,0.30291
27.56,0.305091
27.565,0.299824
27.57,0.295328
27.575,0.299799
27.58,0.304836
27.585,0.311963
27.59,0.317763
27.595,0.324328
27.6,0.329163
27.605,0.329425
27.61,0.324162
27.615,0.324046
27.62,0.323745
27.625,0.318303
27.63,0.322552
27.635,0.321864
27.64,0.32099
27.645,0.324863
27.65,0.327786
27.655,0.321023
27.66,0.325455
27.665,0.328373
27.67,0.327877
27.675,0.334197
27.68,0.341462
27.685,0.343041
27.69,0.350298
27.695,0.356041
27.7,0.355346
27.705,0.353707
27.71,0.351692
27.715,0.348728
27.72,0.346526
27.725,0.347908
27.73,0.359285
27.735,0.361613
27.74,0.362994
27.745,0.369841
27.75,0.376678
27.755,0.379357
27.76,0.393342
27.765,0.404311
27.77,0.400603
27.775,0.39595
27.78,0.391667
27.785,0.38757
27.79,0.387422
27.795,0.394426
27.8,0.399922
27.805,0.400905
27.81,0.404322
27.815,0.402863
27.82,0.406094
27.825,0.411945
27.83,0.422847
27.835,0.424006
27.84,0.424609
27.845,0.427829
27.85,0.425993
27.855,0.422653
27.86,0.427731
27.865,0.427212
27.87,0.4349
27.875,0.434004
27.88,0.436459
27.885,0.426414
27.89,0.435776
27.895,0.441573
27.9,0.455396
27.905,0.455607
27.91,0.472775
27.915,0.47708
27.92,0.48174
27.925,0.475803
27.93,0.476757
27.935,0.480485
27.94,0.481431
27.945,0.477718
27.95,0.487765
27.955,0.498179
27.96,0.494103
27.965,0.499866
27.97,0.499874
27.975,0.50062
27.98,0.503587
27.985,0.511561
27.99,0.515637
27.995,0.51139
28.0,0.514353
28.005,0.51583
28.01,0.516197
28.015,0.521922
28.02,0.53191
28.025,0.537632
28.03,0.540765
28.035,0.545374
28.04,0.54075
28.045,0.543328
28.05,0.538525
28.055,0.538331
28.06,0.538687
28.065,0.547887
28.07,0.560945
28.075,0.570508
28.08,0.579509
28.085,0.585196
28.09,0.587931
28.095,0.584409
28.1,0.587511
28.105,0.588035
28.11,0.594986
28.115,0.587988
28.12,0.593465
28.125,0.601871
28.13,0.607158
28.135,0.599796
28.14,0.608571
28.145,0.606705
28.15,0.611605
28.155,0.614861
28.16,0.627456
28.165,0.628705
28.17,0.644205
28.175,0.634109
28.18,0.640822
28.185,0.63877
28.19,0.652422
28.195,0.646891
28.2,0.65707
28.205,0.665035
28.21,0.670643
28.215,0.668218
28.22,0.679093
28.225,0.681227
28.23,0.670605
28.235,0.672373
28.24,0.674138
28.245,0.666981
28.25,0.673286
28.255,0.683225
28.26,0.679903
28.265,0.680028
28.27,0.6885
28.275,0.684625
28.28,0.669871
28.285,0.68396
28.29,0.697673
28.295,0.698327
28.3,0.703337
28.305,0.714336
28.31,0.713176
28.315,0.719064
28.32,0.722427
28.325,0.735914
28.33,0.750487
28.335,0.764322
28.34,0.770009
28.345,0.77751
28.35,0.772908
28.355,0.780756
28.36,0.787692
28.365,0.776056
28.37,0.774523
28.375,0.781463
28.38,0.781902
28.385,0.774775
28.39,0.789087
28.395,0.788278
28.4,0.78135
28.405,0.783405
28.41,0.788339
28.415,0.794878
28.42,0.810948
28.425,0.813915
28.43,0.81973
28.435,0.825364
28.44,0.82435
28.445,0.829789
28.45,0.835971
28.455,0.83084
28.46,0.828219
28.465,0.838125
28.47,0.83299
28.475,0.836646
28.48,0.840829
28.485,0.837145
28.49,0.832903
28.495,0.835465
28.5,0.849819
28.505,0.853274
28.51,0.870831
28.515,0.872667
28.52,0.884847
28.525,0.876874
28.53,0.882276
28.535,0.890689
28.54,0.891806
28.545,0.881876
28.55,0.893144
28.555,0.895148
28.56,0.885576
28.565,0.886867
28.57,0.890117
28.575,0.891933
28.58,0.890734
28.585,0.902314
28.59,0.920276
28.595,0.929011
28.6,0.932948
28.605,0.943095
28.61,0.948434
28.615,0.945613
28.62,0.952902
28.625,0.953993
28.63,0.946944
28.635,0.933696
28.64,0.926288
28.645,0.922948
28.65,0.931631
28.655,0.93326
28.66,0.936122
28.665,0.942152
28.67,0.949231
28.675,0.93972
28.68,0.952449
28.685,0.962174
28.69,0.951975
28.695,0.965722
28.7,0.980009
28.705,0.970344
28.71,0.970359
28.715,0.987805
28.72,0.975485
28.725,0.975137
28.73,0.995897
28.735,0.999073
28.74,0.997674
28.745,0.991363
28.75,0.993471
28.755,1.001006
28.76,1.004346
28.765,1.012065
28.77,1.017864
28.775,1.015761
28.78,0.993158
28.785,0.996486
28.79,0.991756
28.795,1.004181
28.8,1.013274
28.805,1.0271
28.81,1.029193
28.815,1.029893
28.82,1.014166
28.825,1.00246
28.83,1.012574
28.835,1.015706
28.84,1.028781
28.845,1.031757
28.85,1.059638
28.855,1.052301
28.86,1.052984
28.865,1.039909
28.87,1.052268
28.875,1.021269
28.88,1.033429
28.885,1.02455
28.89,1.032542
28.895,1.032875
28.9,1.049727
28.905,1.033555
28.91,1.049517
28.915,1.062857
28.92,1.074285
28.925,1.076346
28.93,1.083099
28.935,1.083592
28.94,1.086151
28.945,1.072269
28.95,1.071901
28.955,1.063064
28.96,1.061826
28.965,1.04761
28.97,1.052091
28.975,1.055524
28.98,1.072962
28.985,1.070691
28.99,1.066014
28.995,1.074964
29.0,1.072694
29.005,1.066286
29.01,1.06833
29.015,1.072281
29.02,1.063292
29.025,1.076177
29.03,1.08476
29.035,1.08955
29.04,1.10346
29.045,1.108769
29.05,1.091367
29.055,1.083602
29.06,1.077041
29.065,1.063439
29.07,1.069244
29.075,1.076431
29.08,1.08464
29.085,1.085301
29.09,1.090252
29.095,1.0873
29.1,1.090352
29.105,1.078504
29.11,1.079847
29.115,1.090255
29.12,1.089365
29.125,1.084201
29.13,1.084356
29.135,1.093381
29.14,1.082919
29.145,1.092103
29.15,1.096855
29.155,1.104173
29.16,1.091851
29.165,1.101029
29.17,1.083085
29.175,1.072998
29.18,1.069392
29.185,1.07686
29.19,1.073923
29.195,1.092788
29.2,1.096341
29.205,1.102097
29.21,1.110389
29.215,1.104234
29.22,1.096369
29.225,1.102966
29.23,1.092409
29.235,1.078786
29.24,1.070276
29.245,1.061591
29.25,1.05325
29.255,1.048998
29.26,1.049817
29.265,1.053697
29.27,1.057904
29.275,1.074464
29.28,1.088662
29.285,1.095058
29.29,1.094361
29.295,1.106664
29.3,1.083979
29.305,1.085296
29.31,1.087619
29.315,1.089286
29.32,1.073377
29.325,1.087023
29.33,1.089853
29.335,1.084247
29.34,1.079338
29.345,1.082007
29.35,1.09325
29.355,1.08328
29.36,1.086441
29.365,1.097356
29.37,1.100855
29.375,1.081643
29.38,1.080442
29.385,1.071332
29.39,1.054342
29.395,1.050277
29.4,1.048913
29.405,1.056772
29.41,1.065297
29.415,1.084397
29.42,1.073644
29.425,1.082667
29.43,1.078278
29.435,1.070371
29.44,1.0618
29.445,1.062958
29.45,1.056234
29.455,1.038321
29.46,1.023757
29.465,1.010872
29.47,1.020709
29.475,1.007164
29.48,1.009
29.485,1.023342
29.49,1.032677
29.495,1.032979
29.5,1.043641
29.505,1.055132
29.51,1.04811
29.515,1.04393
29.52,1.034912
29.525,1.027073
29.53,1.020233
29.535,1.017889
29.54,1.021035
29.545,1.022181
29.55,1.015198
29.555,1.014689
29.56,1.008702
29.565,1.004206
29.57,0.991748
29.575,1.008662
29.58,1.000862
29.585,0.998375
29.59,0.992402
29.595,0.988927
29.6,0.977151
29.605,0.976657
29.61,0.975005
29.615,0.965249
29.62,0.968727
29.625,0.971696
29.63,0.973185
29.635,0.980455
29.64,0.983772
29.645,0.975687
29.65,0.964295
29.655,0.956875
29.66,0.949778
29.665,0.95605
29.67,0.960018
29.675,0.957885
29.68,0.958721
29.685,0.958066
29.69,0.950991
29.695,0.949518
29.7,0.956105
29.705,0.959074
29.71,0.953821
29.715,0.942664
29.72,0.930032
29.725,0.926422
29.73,0.919208
29.735,0.916105
29.74,0.91679
29.745,0.929276
29.75,0.918141
29.755,0.919305
29.76,0.909662
29.765,0.901015
29.77,0.892024
29.775,0.886651
29.78,0.888301
29.785,0.889969
29.79,0.899489
29.795,0.889058
29.8,0.889418
29.805,0.875228
29.81,0.875258
29.815,0.874794
29.82,0.866519
29.825,0.856118
29.83,0.859249
29.835,0.855695
29.84,0.851813
29.845,0.861798
29.85,0.860546
29.855,0.850488
29.86,0.848898
29.865,0.842914
29.87,0.846365
29.875,0.856165
29.88,0.855399
29.885,0.853001
29.89,0.852232
29.895,0.85129
29.9,0.838672
29.905,0.832882
29.91,0.826602
29.915,0.824214
29.92,0.808534
29.925,0.803084
29.93,0.79618
29.935,0.78814
29.94,0.778642
29.945,0.775467
29.95,0.781512
29.955,0.782065
29.96,0.772436
29.965,0.769592
29.97,0.763682
29.975,0.756311
29.98,0.754442
29.985,0.759683
29.99,0.763297
29.995,0.758213
30.0,0.747805
30.005,0.741915
30.01,0.733935
30.015,0.724016
30.02,0.722327
30.025,0.728844
30.03,0.7204
30.035,0.7237
30.04,0.725544
30.045,0.717274
30.05,0.719273
30.055,0.722897
30.06,0.713828
30.065,0.706521
30.07,0.715279
30.075,0.702681
30.08,0.70437
30.085,0.707508
30.09,0.703588
30.095,0.70255
30.1,0.689514
30.105,0.686877
30.11,0.683445
30.115,0.69377
30.12,0.689058
30.125,0.700193
30.13,0.696287
30.135,0.694943
30.14,0.674264
30.145,0.668451
30.15,0.660566
30.155,0.664486
30.16,0.661712
30.165,0.667875
30.17,0.667657
30.175,0.667761
30.18,0.653677
30.185,0.642317
30.19,0.640664
30.195,0.631062
30.2,0.633232
30.205,0.63064
30.21,0.632823
30.215,0.617674
30.22,0.609056
30.225,0.594234
30.23,0.587206
30.235,0.580975
30.24,0.588235
30.245,0.602157
30.25,0.604657
30.255,0.611277
30.26,0.619953
30.265,0.609615
30.27,0.593262
30.275,0.592748
30.28,0.586851
30.285,0.576051
30.29,0.578866
30.295,0.576471
30.3,0.568693
30.305,0.568815
30.31,0.567837
30.315,0.560859
30.32,0.571723
30.325,0.569647
30.33,0.564094
30.335,0.558076
30.34,0.558052
30.345,0.541005
30.35,0.544603
30.355,0.546623
30.36,0.546288
30.365,0.544378
30.37,0.549869
30.375,0.535223
30.38,0.524823
30.385,0.525903
30.39,0.525412
30.395,0.52084
30.4,0.531819
30.405,0.532591
30.41,0.53696
30.415,0.539449
30.42,0.535988
30.425,0.531265
30.43,0.527649
30.435,0.516035
30.44,0.509595
30.445,0.514751
30.45,0.510982
30.455,0.50941
30.46,0.512682
30.465,0.511888
30.47,0.505624
30.475,0.509206
30.48,0.50561
30.485,0.496388
30.49,0.486393
30.495,0.48779
30.5,0.475304
30.505,0.481226
30.51,0.484653
30.515,0.485903
30.52,0.48029
30.525,0.480918
30.53,0.473595
30.535,0.469701
30.54,0.470325
30.545,0.468616
30.55,0.466289
30.555,0.466291
30.56,0.464583
30.565,0.460393
30.57,0.46319
30.575,0.457613
30.58,0.451722
30.585,0.447384
30.59,0.445532
30.595,0.43577
30.6,0.439039
30.605,0.439979
30.61,0.446025
30.615,0.4465
30.62,0.449763
30.625,0.453485
30.63,0.457358
30.635,0.455504
30.64,0.454587
30.645,0.456912
30.65,0.45136
30.655,0.447968
30.66,0.446428
30.665,0.443046
30.67,0.43596
30.675,0.432275
30.68,0.431513
30.685,0.430132
30.69,0.432612
30.695,0.432167
30.7,0.440187
30.705,0.431122
30.71,0.422057
30.715,0.41838
30.72,0.422239
30.725,0.418712
30.73,0.419811
30.735,0.425052
30.74,0.425531
30.745,0.418485
30.75,0.416196
30.755,0.421431
30.76,0.421444
30.765,0.425445
30.77,0.428377
30.775,0.433446
30.78,0.430245
30.785,0.429646
30.79,0.431492
30.795,0.439461
30.8,0.436564
30.805,0.435513
30.81,0.434763
30.815,0.42576
30.82,0.417672
30.825,0.416158
30.83,0.419687
30.835,0.41955
30.84,0.422011
30.845,0.427363
30.85,0.427072
30.855,0.423126
30.86,0.423141
30.865,0.426203
30.87,0.428647
30.875,0.432616
30.88,0.436135
30.885,0.441927
30.89,0.443155
30.895,0.441488
30.9,0.430713
30.905,0.436649
30.91,0.436654
30.915,0.436209
30.92,0.439402
30.925,0.444431
30.93,0.4458
30.935,0.439592
30.94,0.44536
30.945,0.442636
30.95,0.444469
30.955,0.450223
30.96,0.451751
30.965,0.450089
30.97,0.449792
30.975,0.45555
30.98,0.448442
30.985,0.446944
30.99,0.447099
30.995,0.446199
31.0,0.446958
31.005,0.451187
31.01,0.463417
31.015,0.472315
31.02,0.481365
